CASEID	COMPLETE	SCHL_ID	SCHL_PSU	DIST_ID	DIVISION	SCHL_WT	DIST_WT	A1	A1B_G6	A1B_G7	A1B_G8	A1B_G9	A1B_G10	A2	A3	A4A	A4B	A4C	A4D	A4E	A4F	A4G	A4H	A4I	A5	A6A	A6B	A6C	A7	A8A	A8B	A8C	A9	A10A_CAT	A10B_CAT	A10C_CAT	A10A_COMP	A10B_COMP	A10AB_COMP	A11A_CAT	A11B_CAT	A11C_CAT	A11A_COMP	A11B_COMP	A11AB_COMP	A12	A13A	A13B	A13C	A13D	A14A	A14B	A14C	A14D	A15	A16A	A16B	A16C	A16D	A16E	A16F	A16G	A16H	A16I	A17	A18	A19	A20A	A20B	A20C	A20D	A21A	A21B	A21C	A22	A23	A24_G6	A24_G7	A24_G8	A24_G9	A24_G10	A25A	A25B	A25C	A25D	A25E	A25F	A25G	A25H	A25I	A25J	A25K	A25L	A25M	A25N	A25O	A25P	A26
1	1	213	4	6050	1	689.296889724761	25.0362857937123	2	6	6	6	6	6	2	2	1	2	2	2	1	2	2	1	2	2	-9	2	-9	2	2	2	1	1	7	4	7	2	2	3	4	4	5	2	2	3	2	2	2	2	2	1	2	2	2	2	2	2	2	2	1	1	2	1	1	2	5	1	2	2	2	1	2	2	1	2	5	4	4	4	4	4	2	2	2	2	2	2	2	2	2	1	2	2	1	2	2	2	4
2	1	141	5	7389	9	118.869871216411	1.03966172297508	2	3	3	3	-9	-9	2	2	1	1	2	2	2	1	2	1	1	2	2	2	2	2	2	2	2	2	9	6	6	4	4	5	9	6	6	4	4	5	2	2	2	2	2	2	2	2	2	2	2	2	2	2	2	2	1	1	2	2	5	2	2	2	2	2	2	2	1	2	5	2	2	2	-9	-9	2	2	2	2	2	2	2	2	2	2	2	2	2	2	2	2	2
3	1	116	6	3358	7	1128.89421176005	89.9843212272502	2	-9	-9	-9	6	6	2	2	1	1	2	2	1	2	2	2	2	2	2	2	1	2	2	2	1	1	8	6	5	4	5	4	3	5	4	2	5	4	2	2	1	2	2	2	1	2	2	2	2	2	2	2	1	2	2	1	2	1	-8	1	1	1	2	1	2	1	1	2	5	-9	-9	-9	2	2	2	2	1	2	2	2	2	2	2	1	2	2	2	2	2	2	2
4	1	155	6	5553	5	146.758372210472	9.38315266880143	2	6	6	6	-9	-9	2	2	1	1	1	1	1	1	1	2	2	2	1	2	2	2	1	2	2	1	9	6	9	3	2	3	6	3	5	3	2	3	2	2	2	2	2	2	1	1	2	2	2	2	2	2	1	1	1	2	2	1	-8	1	1	2	2	1	2	2	1	2	5	6	6	6	-9	-9	2	2	2	2	2	2	2	2	2	1	2	1	1	1	1	1	1
5	1	100	5	8232	3	63.7414580983654	15.3771455429706	2	-9	-9	-9	6	1	1	2	2	2	2	2	1	1	2	1	2	2	1	2	1	2	1	2	1	1	9	0	0	-9	-9	-9	9	0	0	-9	-9	-9	2	2	2	2	2	2	2	2	2	1	1	2	1	2	1	1	1	1	2	2	5	2	1	1	1	1	-9	-9	1	2	5	-9	-9	-9	-9	-9	-9	-9	-9	-9	-9	-9	-9	-9	-9	-9	2	2	2	2	2	1	2
6	0	221	5	7330	9	131.049858312839	1.59399246923505	-5	-5	-5	-5	-5	-5	-5	-5	-5	-5	-5	-5	-5	-5	-5	-5	-5	-5	-5	-5	-5	-5	-5	-5	-5	-5	-5	-5	-5	-5	-5	-5	-5	-5	-5	-5	-5	-5	-5	-5	-5	-5	-5	-5	-5	-5	-5	-5	-5	-5	-5	-5	-5	-5	-5	-5	-5	-5	-5	-5	-5	-5	-5	-5	-5	-5	-5	-5	-5	-5	-5	-5	-5	-5	-5	-5	-5	-5	-5	-5	-5	-5	-5	-5	-5	-5	-5	-5	-5	-5	-5
7	1	6	5	3397	7	107.763712202523	5.31643534450116	2	-9	-9	-9	6	-9	1	2	2	2	2	2	2	1	2	2	2	2	-9	2	-9	2	2	2	2	1	-9	-9	-9	-9	-9	-9	-9	-9	-9	-9	-9	-9	2	2	2	2	2	1	1	1	1	2	2	2	2	1	1	1	1	1	2	2	5	1	2	2	2	2	2	2	1	2	5	-9	-9	-9	5	1	2	2	2	2	2	1	2	1	1	1	2	2	2	2	2	1	1
8	1	74	1	5596	5	215.962834292215	8.35300271048087	2	-9	-9	-9	6	6	2	2	2	2	2	2	1	2	2	2	2	2	1	1	1	2	2	2	2	2	8	6	9	1	2	2	-9	-9	-9	-9	-9	-9	2	2	2	2	2	2	2	2	2	2	2	2	2	2	1	1	1	1	2	2	1	1	1	1	1	1	1	1	1	2	5	-9	-9	-9	-9	6	2	2	2	2	2	2	2	1	1	1	2	2	2	2	2	2	1
9	0	8	5	5535	5	184.481561903316	5.54881752737777	-5	-5	-5	-5	-5	-5	-5	-5	-5	-5	-5	-5	-5	-5	-5	-5	-5	-5	-5	-5	-5	-5	-5	-5	-5	-5	-5	-5	-5	-5	-5	-5	-5	-5	-5	-5	-5	-5	-5	-5	-5	-5	-5	-5	-5	-5	-5	-5	-5	-5	-5	-5	-5	-5	-5	-5	-5	-5	-5	-5	-5	-5	-5	-5	-5	-5	-5	-5	-5	-5	-5	-5	-5	-5	-5	-5	-5	-5	-5	-5	-5	-5	-5	-5	-5	-5	-5	-5	-5	-5	-5
10	1	68	5	7287	9	172.337297822117	21.2958990776378	2	-9	6	6	-9	-9	2	2	2	2	2	2	2	2	2	2	2	2	2	2	2	2	2	2	2	1	4	4	9	1	1	1	3	3	5	1	1	2	2	2	2	2	2	1	2	2	2	2	2	2	2	1	1	1	1	1	2	2	5	1	1	2	2	1	2	2	-9	2	5	-9	1	1	-9	-9	1	2	1	2	2	2	2	2	2	1	2	2	1	1	2	2	1
11	1	122	5	2177	4	247.437569482611	17.6356064150382	2	4	4	4	-9	-9	2	2	1	1	2	1	1	1	2	1	2	1	-8	-8	-8	2	2	2	1	1	3	3	8	1	1	1	-8	-8	-8	-8	-8	-8	2	2	2	2	2	1	1	1	2	2	2	2	1	1	2	1	1	1	1	2	5	1	2	2	2	2	2	2	1	2	5	3	3	3	-9	-9	1	2	1	2	2	2	2	2	2	1	2	2	2	2	2	1	1
12	1	92	4	7339	9	754.325788595634	21.9280752498731	2	4	-9	-9	-9	-9	2	2	1	1	1	1	1	1	2	2	2	2	1	2	1	2	1	2	1	1	9	4	5	4	2	4	9	0	0	-9	-9	-9	2	2	2	2	2	1	1	1	2	2	2	2	2	1	1	1	1	1	1	2	5	1	1	2	2	1	2	2	1	2	5	4	-9	-9	-9	-9	1	2	2	2	2	2	2	2	2	1	1	1	2	2	2	1	3
13	1	170	5	5136	5	514.837984442368	72.540772759003	1	-8	-8	-8	-8	-8	1	2	1	1	1	1	1	1	2	2	2	2	1	2	1	2	1	2	1	1	8	4	5	3	2	4	5	2	3	5	3	5	2	2	2	2	2	1	1	1	2	2	2	2	2	1	1	1	1	1	1	2	1	1	1	2	2	1	2	2	1	2	5	-9	-9	-9	-9	-9	1	1	1	1	2	1	1	1	1	1	1	1	2	1	1	2	4
14	1	129	5	3047	7	105.926170613703	3.75558835926809	2	6	6	6	-9	-9	2	2	1	1	2	2	2	1	2	2	2	2	-9	2	-9	2	-9	2	-9	2	7	4	5	3	2	4	3	2	2	5	5	5	2	2	2	2	2	2	1	2	2	2	2	2	2	1	2	1	1	1	2	2	5	1	2	2	2	1	2	1	1	2	5	2	2	2	-9	-9	1	2	1	2	2	1	2	1	1	1	1	2	2	2	2	2	1
15	1	124	4	8058	3	485.318465136509	6.52999376445086	2	4	-9	-9	-9	-9	2	2	1	1	1	2	1	2	1	2	1	2	1	2	1	2	2	2	1	1	3	3	6	1	1	1	2	1	2	3	1	3	2	2	2	2	2	2	1	2	2	2	2	2	2	1	1	1	1	1	1	1	-8	1	1	2	2	1	2	2	1	2	5	1	-9	-9	-9	-9	1	1	1	1	1	1	1	1	1	1	1	1	1	1	1	1	4
16	1	210	4	4509	2	3018.70938446014	119	2	-9	-9	-9	4	4	2	2	2	2	2	2	2	2	2	2	2	2	2	2	2	2	2	2	2	1	9	6	9	2	3	3	4	4	5	2	3	3	2	2	2	2	2	2	1	2	1	1	2	2	2	1	1	1	2	1	2	2	5	1	1	2	1	1	2	2	1	2	5	-9	-9	-9	4	4	2	2	1	2	2	2	2	2	2	2	2	2	2	2	2	2	4
17	1	120	5	3440	7	409.158263501036	18.6830257306409	2	4	6	6	-9	-9	1	2	1	1	1	1	1	1	1	2	2	2	1	2	1	2	2	2	1	1	4	4	7	1	1	2	4	4	6	1	1	2	2	2	2	2	2	2	1	1	2	2	2	2	2	1	2	1	1	1	1	2	2	1	2	2	2	1	2	2	1	2	5	3	3	3	-9	-9	2	2	2	2	2	2	2	2	2	1	2	2	2	2	2	2	2
18	1	70	6	5535	5	48.8473573305988	2.72044081319768	2	-9	-9	-9	6	6	2	2	2	2	1	2	2	2	2	2	2	2	1	1	1	2	2	2	2	1	9	6	8	4	2	4	9	0	6	4	0	4	2	2	2	2	2	2	1	2	2	2	2	2	2	1	1	1	2	1	2	2	5	2	2	2	2	2	2	1	1	2	5	-9	-9	-9	6	6	2	2	2	2	2	2	2	1	1	1	2	2	2	2	2	2	3
19	1	208	5	6050	1	414.863017615274	25.0362857937123	2	6	6	6	-9	-9	2	2	1	1	2	2	1	2	2	1	2	2	2	2	2	2	2	2	2	1	4	3	5	2	1	3	3	2	3	3	2	3	2	2	2	2	2	1	2	1	2	2	2	2	2	1	2	1	1	1	1	2	1	1	1	2	2	1	2	2	1	2	5	6	6	6	2	2	2	2	2	2	2	2	2	2	2	2	2	2	2	2	2	2	1
20	0	161	5	7160	9	287.898775333613	81.0324022589871	-5	-5	-5	-5	-5	-5	-5	-5	-5	-5	-5	-5	-5	-5	-5	-5	-5	-5	-5	-5	-5	-5	-5	-5	-5	-5	-5	-5	-5	-5	-5	-5	-5	-5	-5	-5	-5	-5	-5	-5	-5	-5	-5	-5	-5	-5	-5	-5	-5	-5	-5	-5	-5	-5	-5	-5	-5	-5	-5	-5	-5	-5	-5	-5	-5	-5	-5	-5	-5	-5	-5	-5	-5	-5	-5	-5	-5	-5	-5	-5	-5	-5	-5	-5	-5	-5	-5	-5	-5	-5	-5
21	0	78	5	9071	8	67.6922933741689	1.41272522063886	-5	-5	-5	-5	-5	-5	-5	-5	-5	-5	-5	-5	-5	-5	-5	-5	-5	-5	-5	-5	-5	-5	-5	-5	-5	-5	-5	-5	-5	-5	-5	-5	-5	-5	-5	-5	-5	-5	-5	-5	-5	-5	-5	-5	-5	-5	-5	-5	-5	-5	-5	-5	-5	-5	-5	-5	-5	-5	-5	-5	-5	-5	-5	-5	-5	-5	-5	-5	-5	-5	-5	-5	-5	-5	-5	-5	-5	-5	-5	-5	-5	-5	-5	-5	-5	-5	-5	-5	-5	-5	-5
22	0	132	8	9237	8	55.277016042524	1.41272522063886	-5	-5	-5	-5	-5	-5	-5	-5	-5	-5	-5	-5	-5	-5	-5	-5	-5	-5	-5	-5	-5	-5	-5	-5	-5	-5	-5	-5	-5	-5	-5	-5	-5	-5	-5	-5	-5	-5	-5	-5	-5	-5	-5	-5	-5	-5	-5	-5	-5	-5	-5	-5	-5	-5	-5	-5	-5	-5	-5	-5	-5	-5	-5	-5	-5	-5	-5	-5	-5	-5	-5	-5	-5	-5	-5	-5	-5	-5	-5	-5	-5	-5	-5	-5	-5	-5	-5	-5	-5	-5	-5
23	1	58	5	2023	4	229.964845624572	9.52826752042646	2	6	6	6	-9	-9	2	2	1	1	2	2	2	2	2	2	2	1	-8	-8	-8	2	2	2	2	2	1	2	7	1	1	1	-8	-8	-8	-8	-8	-8	2	2	2	2	2	2	1	1	1	2	2	2	1	1	1	1	1	1	1	2	5	1	2	2	2	1	2	2	1	2	5	2	2	2	-9	-9	2	2	2	2	2	2	2	2	2	1	2	2	2	2	2	2	2
24	1	49	5	5493	5	363.336137884605	93.0603588454442	2	6	6	6	-9	-9	2	1	-8	-8	-8	-8	-8	-8	-8	-8	-8	2	-9	-9	-9	2	2	2	2	1	4	4	9	1	1	1	3	3	2	4	6	5	2	2	2	2	2	1	1	1	1	2	2	2	2	2	2	1	1	1	2	2	5	1	2	2	2	1	2	2	1	2	5	4	4	4	-9	-9	2	2	2	2	2	2	2	2	2	2	2	2	2	2	2	2	2
25	1	45	5	6221	1	194.762090034114	34.3821127724378	2	3	3	3	-9	-9	1	2	2	2	2	2	1	2	2	2	2	2	2	2	1	2	2	2	1	1	7	4	8	2	1	2	3	2	3	4	2	4	2	2	1	2	1	1	1	1	2	2	2	2	2	1	1	1	1	1	1	2	4	1	1	2	2	1	2	2	1	2	5	3	3	3	-9	-9	2	2	2	2	2	2	2	2	2	1	2	2	2	2	2	1	2
26	1	64	5	9084	8	2872.13798579773	34.1921188785444	2	3	6	6	-9	-9	2	1	-8	-8	-8	-8	-8	-8	-8	-8	-8	2	2	2	1	2	2	2	1	1	7	5	3	5	5	5	7	5	2	6	6	6	2	2	2	2	2	2	1	1	2	2	2	2	2	1	1	1	1	1	1	2	2	1	1	2	2	1	2	2	-9	2	5	2	2	2	-9	-9	1	2	1	1	2	2	1	2	2	1	2	2	2	2	2	1	3
27	1	24	6	3529	7	135.366658624822	24.8835769530923	2	4	4	4	-9	-9	2	1	-8	-8	-8	-8	-8	-8	-8	-8	-8	2	2	2	1	2	2	2	1	1	4	4	9	1	1	1	4	4	6	1	1	1	2	2	2	2	2	2	2	1	2	2	2	2	2	2	2	1	1	1	1	2	1	1	1	2	2	1	2	2	1	2	5	-9	-9	3	-9	-9	2	2	2	2	2	2	2	2	2	1	2	2	2	2	2	2	4
28	1	75	5	6266	1	50.6419633346694	10.1751301066582	2	-9	-9	-9	6	-9	2	2	2	2	2	2	1	1	2	2	2	2	2	2	2	2	2	2	2	1	-9	-9	-9	-9	-9	-9	-9	-9	-9	-9	-9	-9	2	2	1	2	1	1	1	2	2	2	2	2	2	1	1	1	1	1	1	2	5	1	1	1	1	1	2	1	1	2	5	-9	-9	-9	2	-9	1	2	1	1	2	2	2	2	2	1	2	2	2	1	2	1	2
29	0	62	4	9101	8	142.469523844225	10.0823428545688	-5	-5	-5	-5	-5	-5	-5	-5	-5	-5	-5	-5	-5	-5	-5	-5	-5	-5	-5	-5	-5	-5	-5	-5	-5	-5	-5	-5	-5	-5	-5	-5	-5	-5	-5	-5	-5	-5	-5	-5	-5	-5	-5	-5	-5	-5	-5	-5	-5	-5	-5	-5	-5	-5	-5	-5	-5	-5	-5	-5	-5	-5	-5	-5	-5	-5	-5	-5	-5	-5	-5	-5	-5	-5	-5	-5	-5	-5	-5	-5	-5	-5	-5	-5	-5	-5	-5	-5	-5	-5	-5
30	1	182	5	8016	3	576.62803992	1.19309129264624	2	3	3	3	-9	-9	2	2	2	2	2	2	1	2	2	2	2	1	-8	-8	-8	2	2	1	2	2	0	0	6	0	0	0	-8	-8	-8	-8	-8	-8	2	2	2	2	2	1	1	2	2	2	2	2	2	1	1	2	1	1	2	1	-8	1	1	2	2	2	2	2	1	1	-8	1	1	1	-9	-9	2	2	1	1	1	2	2	2	2	1	1	1	1	1	1	1	1
31	1	201	6	6210	1	113.781209083034	41.1566673320728	3	-8	-8	-8	-8	-8	2	2	1	1	1	1	1	1	2	2	2	2	1	1	1	2	1	1	1	1	8	4	3	5	5	6	8	4	4	5	5	6	2	2	2	2	2	2	2	2	2	2	2	2	2	2	1	2	1	1	2	2	4	1	1	1	1	1	1	1	2	2	5	-9	6	6	-9	-9	2	2	2	1	2	2	2	2	2	2	2	2	1	1	1	1	3
32	1	60	6	5136	5	126.115027682885	72.540772759003	1	-8	-8	-8	-8	-8	1	2	2	-9	2	2	1	1	2	2	2	2	2	2	2	2	2	2	1	1	-9	-9	-9	-9	-9	-9	-9	-9	-9	-9	-9	-9	2	2	2	2	2	2	1	1	2	2	2	2	2	2	1	1	1	1	2	2	5	1	1	1	1	1	2	2	1	2	5	-9	2	2	-9	-9	2	2	2	2	2	2	2	1	1	1	2	2	2	2	2	1	2
33	1	156	5	5074	5	369.520766991541	182.35196136454	1	-8	-8	-8	-8	-8	1	2	1	1	2	2	1	2	2	2	2	2	1	2	1	2	1	2	1	1	3	4	8	1	1	1	3	4	6	1	1	1	2	2	2	2	2	1	1	1	1	2	2	2	2	2	1	1	1	1	2	2	5	1	1	2	2	1	2	1	1	1	-8	-9	-9	-9	4	4	2	2	1	2	2	2	2	1	1	1	2	2	2	2	2	2	2
34	1	223	5	8224	3	714.702391190552	21.6576482178955	2	-9	-9	-9	-9	-9	2	2	2	2	2	2	1	1	2	1	2	2	1	2	1	2	1	2	2	1	7	4	1	6	6	6	3	2	1	6	6	6	2	2	2	2	2	2	1	2	2	1	2	2	2	1	1	1	1	1	2	2	3	1	2	1	2	1	2	1	-9	2	5	1	6	1	-9	-9	2	2	2	2	2	2	2	1	1	1	2	2	2	2	2	1	4
35	1	131	5	8279	3	467.651474750454	6.34888601721588	2	3	-9	-9	-9	-9	1	1	-8	-8	-8	-8	-8	-8	-8	-8	-8	2	1	2	1	2	1	2	1	1	6	4	8	2	1	2	4	3	0	-9	-9	-9	2	2	2	2	2	1	2	2	2	2	2	2	2	1	1	1	1	1	1	2	4	1	1	2	2	1	2	2	1	1	-8	3	-9	-9	-9	-9	2	2	1	2	2	2	2	2	2	1	2	1	1	1	1	1	1
36	1	172	6	5541	5	282.584607750859	38.6102691601497	2	6	6	4	-9	-9	2	2	1	1	1	2	2	2	2	2	2	2	2	2	2	2	2	2	2	2	4	4	8	1	1	2	2	2	3	2	2	3	2	2	2	2	2	2	1	1	1	2	2	2	2	1	1	1	1	1	2	2	5	1	2	2	2	1	2	1	-9	2	5	1	6	1	-9	-9	2	2	2	2	2	2	2	2	2	1	2	2	2	2	2	2	4
37	1	119	5	5541	5	240.137039898492	38.6102691601497	2	6	4	-9	-9	-9	2	2	1	1	2	1	2	1	2	2	2	2	2	2	2	2	2	2	2	2	3	2	7	1	1	1	2	1	5	1	1	2	2	2	2	2	2	2	1	1	1	2	2	2	2	1	1	1	1	1	2	2	5	2	2	2	2	1	2	2	1	2	5	1	4	1	-9	-9	2	2	2	2	2	2	2	2	2	1	2	2	2	2	2	2	2
38	1	192	5	8016	3	466.47719828427	1.19309129264624	2	6	6	6	-9	-9	2	2	1	1	1	1	1	1	1	1	2	2	1	2	1	2	1	2	1	1	9	6	4	5	6	6	9	0	0	-9	-9	-9	2	2	2	2	2	1	1	2	2	2	2	2	2	2	2	1	1	1	1	2	5	2	2	2	2	1	2	2	-9	2	5	4	4	4	-9	-9	2	2	1	2	2	2	2	2	2	1	2	2	2	2	2	1	1
39	1	180	4	5447	5	3182.23312032151	117.981866458882	2	4	-9	-9	-9	-9	-9	1	-8	-8	-8	-8	-8	-8	-8	-8	-8	2	2	2	2	2	2	2	1	1	6	4	0	-9	-9	-9	7	-9	-9	-9	-9	-9	2	2	2	2	1	1	2	2	2	2	2	2	2	2	1	1	1	1	1	2	4	1	2	2	2	1	2	2	1	2	5	3	-9	-9	-9	-9	2	2	2	2	1	2	2	2	2	1	2	1	2	1	1	1	1
40	1	21	5	3047	7	75.6257433700312	3.75558835926809	2	-9	6	6	-9	-9	2	2	1	1	2	2	2	2	2	2	2	2	2	2	2	2	2	2	1	1	6	3	4	3	2	4	2	1	2	4	1	4	2	2	2	2	2	1	2	1	1	2	2	2	2	2	2	1	2	1	2	2	5	1	2	2	2	2	2	1	2	2	5	-9	2	2	-9	-9	2	2	2	2	2	2	2	2	2	1	2	2	2	2	2	2	2
41	1	50	5	3122	7	1437.976828793	156.135353895572	2	-9	6	6	-9	-9	2	2	2	2	1	1	1	1	1	1	1	2	1	2	1	2	2	2	2	2	7	5	9	2	1	2	7	5	6	2	1	2	2	2	2	2	2	2	1	1	1	2	2	2	2	2	2	1	2	1	1	2	5	1	2	2	2	1	2	2	-9	2	5	-9	3	3	-9	-9	2	2	2	2	2	2	2	2	2	2	2	2	2	2	2	2	4
42	1	117	5	9053	8	545.211538450413	1.41272522063886	2	6	6	6	6	6	2	2	1	1	1	2	2	2	2	2	2	1	-8	-8	-8	2	2	2	2	1	3	3	9	1	1	1	-8	-8	-8	-8	-8	-8	2	2	2	2	1	2	1	1	2	2	2	1	2	1	1	1	1	1	2	2	5	2	1	2	2	1	2	2	1	2	5	2	2	2	4	1	2	2	1	2	2	2	2	2	2	2	2	2	2	2	2	2	2
43	1	157	5	9118	8	228.994406654754	18.743882119076	2	4	4	4	-9	-9	2	2	1	2	2	2	1	2	1	1	2	2	1	2	1	2	1	2	1	1	8	5	5	4	3	4	8	5	6	4	3	4	2	2	2	2	2	2	1	2	2	2	2	2	1	1	1	1	1	1	2	2	5	1	1	1	1	1	-9	-9	1	2	5	1	4	1	-9	-9	2	2	1	2	2	2	2	2	2	1	2	2	2	2	2	1	4
44	1	147	5	7160	9	352.071816711461	81.0324022589871	1	-8	-8	-8	-8	-8	2	2	2	2	2	2	2	2	2	2	2	2	2	2	2	2	2	2	2	2	7	6	8	2	2	3	7	6	6	2	2	3	2	2	2	2	2	2	2	2	2	2	2	1	2	2	2	1	1	1	2	1	-8	1	1	2	2	2	2	2	2	2	5	1	1	1	1	1	2	-9	2	2	2	2	2	2	2	2	2	2	2	2	2	2	3
45	1	158	5	7287	9	174.662543815106	21.2958990776378	2	5	-9	-9	-9	-9	2	2	1	1	2	2	1	2	1	2	2	2	2	2	1	2	2	2	1	1	6	5	7	2	2	2	5	4	4	4	5	5	2	2	2	2	2	1	1	2	2	2	2	2	2	1	1	1	1	1	1	2	5	1	2	2	2	1	2	2	1	2	5	1	1	1	1	1	1	1	1	1	1	2	2	1	1	1	1	1	1	1	1	1	2
46	1	189	5	2033	4	2550.70510055034	69.5377840637275	2	3	3	3	-9	-9	2	2	1	1	2	2	2	2	1	2	2	2	1	2	2	2	1	2	2	2	9	5	5	5	3	5	9	0	0	-9	-9	-9	2	2	2	2	2	2	1	1	2	2	2	2	2	2	1	1	1	2	2	2	5	1	2	2	2	2	2	2	1	2	5	2	2	2	-9	-9	2	2	2	2	2	2	2	1	1	1	2	2	2	2	2	2	2
47	1	9	6	5415	5	131.831388137958	31.4219028531928	1	-8	-8	-8	-8	-8	2	2	1	1	1	1	1	1	2	2	2	2	2	2	1	2	2	2	1	1	3	4	9	1	1	1	3	4	2	4	6	5	2	2	2	2	1	1	1	1	1	2	2	2	2	1	1	1	1	1	2	2	5	1	1	2	2	1	2	2	-9	2	5	-9	1	1	-9	-9	2	2	2	2	2	2	2	2	2	2	2	1	1	1	1	2	1
48	0	139	4	6031	1	1961.85301192679	48.3784632708728	-5	-5	-5	-5	-5	-5	-5	-5	-5	-5	-5	-5	-5	-5	-5	-5	-5	-5	-5	-5	-5	-5	-5	-5	-5	-5	-5	-5	-5	-5	-5	-5	-5	-5	-5	-5	-5	-5	-5	-5	-5	-5	-5	-5	-5	-5	-5	-5	-5	-5	-5	-5	-5	-5	-5	-5	-5	-5	-5	-5	-5	-5	-5	-5	-5	-5	-5	-5	-5	-5	-5	-5	-5	-5	-5	-5	-5	-5	-5	-5	-5	-5	-5	-5	-5	-5	-5	-5	-5	-5	-5
49	1	183	5	3358	7	3096.58916645722	89.9843212272502	2	-9	6	6	-9	-9	1	2	2	2	2	2	-9	2	2	-9	2	2	2	2	2	2	2	2	2	1	5	4	3	4	5	5	4	-9	-9	-9	-9	-9	2	2	2	2	1	2	1	1	2	2	2	2	2	2	2	2	1	1	2	2	1	1	1	2	2	1	2	2	1	-9	-8	-9	-9	-9	-9	-9	-9	-9	-9	-9	-9	-9	-9	-9	-9	-9	-9	-9	-9	-9	-9	-9	-9
50	1	209	5	9024	8	129.690066477304	3.04556710234167	2	-9	6	6	-9	-9	2	2	2	2	2	2	1	2	2	1	2	2	2	2	1	2	2	2	1	1	-9	-9	-9	-9	-9	-9	-9	-9	-9	-9	-9	-9	2	2	2	2	2	2	1	2	2	2	2	2	2	1	1	1	1	1	1	2	1	1	2	2	2	1	2	1	1	2	5	-9	1	1	-9	-9	1	1	1	1	1	1	1	1	1	1	1	1	1	1	1	1	4
51	1	69	5	6037	1	91.0760178996127	12.8796188287625	2	-9	-9	-9	6	-9	1	2	2	2	2	2	1	2	2	2	2	2	2	2	1	2	2	2	2	1	9	4	7	4	2	4	4	1	1	6	5	6	2	2	2	2	2	2	1	1	1	2	2	2	2	2	1	1	1	1	2	2	5	1	1	1	1	1	2	2	1	2	5	-9	-9	-9	-9	6	2	2	2	2	2	2	2	1	1	1	2	2	2	2	2	2	1
52	1	194	6	8058	3	4514.91897934821	84.3423517821045	2	3	-9	-9	-9	-9	2	2	1	1	2	2	2	1	2	1	2	2	2	2	1	2	2	2	1	1	3	5	2	3	6	4	2	3	2	3	5	4	2	2	2	2	2	2	1	2	2	2	2	2	2	1	1	1	1	1	1	1	-8	1	1	2	2	1	2	2	1	2	4	2	-9	-9	-9	-9	1	2	1	1	2	2	2	2	1	1	1	1	2	1	1	1	2
53	0	143	6	7478	9	98.3544424937435	6.59336793192687	-5	-5	-5	-5	-5	-5	-5	-5	-5	-5	-5	-5	-5	-5	-5	-5	-5	-5	-5	-5	-5	-5	-5	-5	-5	-5	-5	-5	-5	-5	-5	-5	-5	-5	-5	-5	-5	-5	-5	-5	-5	-5	-5	-5	-5	-5	-5	-5	-5	-5	-5	-5	-5	-5	-5	-5	-5	-5	-5	-5	-5	-5	-5	-5	-5	-5	-5	-5	-5	-5	-5	-5	-5	-5	-5	-5	-5	-5	-5	-5	-5	-5	-5	-5	-5	-5	-5	-5	-5	-5	-5
54	1	42	5	5600	5	531.497224781662	24.8486003044697	2	6	6	6	-9	-9	2	2	1	2	2	2	1	1	2	2	2	2	1	2	1	2	2	2	1	1	7	3	2	5	3	5	7	3	3	5	3	5	2	2	2	2	1	1	1	1	2	2	2	2	2	2	1	1	2	1	2	1	-8	1	2	2	2	2	2	2	1	2	5	2	2	2	-9	-9	2	2	2	2	2	2	2	1	1	1	2	2	2	2	2	1	2
55	1	95	5	5447	5	270.566838837062	117.981866458882	2	-9	-9	-9	3	1	1	2	1	1	1	1	1	1	2	1	2	1	-8	-8	-8	2	2	2	1	1	7	3	8	2	1	2	-8	-8	-8	-8	-8	-8	2	2	2	2	2	1	1	1	1	2	2	2	2	1	2	1	1	1	2	2	1	1	1	1	1	1	2	2	1	2	5	-9	-9	-9	3	1	2	2	1	2	1	2	2	2	2	1	2	2	1	1	1	1	1
56	1	40	4	5493	5	193.391058225689	93.0603588454442	2	-9	-9	-9	6	6	2	2	2	2	2	2	1	2	2	2	2	2	2	2	2	2	2	2	2	1	7	4	-9	-9	-9	-9	7	4	-9	-9	-9	-9	2	2	2	2	2	2	1	2	2	2	2	2	2	1	1	1	1	1	2	2	5	1	2	2	2	1	2	1	1	2	5	-9	-9	-9	4	1	2	2	2	2	2	2	2	1	1	1	2	2	2	2	2	1	2
57	1	162	5	4509	2	17021.3536585366	119	2	3	-9	-9	-9	-9	2	1	-8	-8	-8	-8	-8	-8	-8	-8	-8	2	1	2	1	2	1	2	1	1	8	3	4	5	2	5	8	3	5	5	2	5	2	2	2	2	2	1	1	1	2	2	2	2	2	1	1	2	1	1	2	2	5	1	1	2	2	2	2	2	1	2	5	3	-9	-9	-9	-9	1	2	2	2	2	2	1	2	1	1	2	2	2	2	2	1	4
58	1	198	5	5626	5	179.158563094497	24.7592223848021	2	3	3	3	-9	-9	2	2	1	1	2	2	2	2	2	2	2	2	2	2	1	2	2	2	2	1	9	5	7	4	2	4	9	5	6	4	2	4	2	2	1	2	2	2	1	2	2	2	2	2	2	2	2	1	1	1	2	2	5	2	2	2	2	1	2	1	1	2	5	3	3	3	-9	-9	2	2	2	2	2	2	2	2	2	2	2	2	2	2	2	2	3
59	1	22	3	9237	8	419.739200849977	5.06329999928691	2	6	6	6	-9	-9	2	2	1	1	1	2	1	2	2	2	2	2	2	2	2	2	2	2	2	1	9	5	9	1	1	1	9	5	6	1	1	1	2	2	2	2	2	2	2	2	2	2	2	2	2	2	1	1	1	2	2	2	5	1	1	2	2	1	2	2	1	2	5	6	6	1	-9	-9	2	2	2	2	2	2	2	2	1	1	2	2	2	1	2	1	2
60	1	94	5	3351	7	331.020675591624	2.28438090140628	2	-9	-9	-9	6	6	2	2	2	2	2	2	1	2	2	2	2	2	2	2	1	2	2	2	2	1	1	0	4	1	0	1	1	0	4	1	0	1	2	2	2	2	2	1	1	1	1	2	2	1	2	1	1	1	1	1	1	2	3	2	1	2	2	1	2	2	1	2	5	-9	-9	-9	1	6	2	2	2	2	2	2	2	1	1	1	2	2	2	2	2	1	1
61	1	130	5	7536	9	116.645194098759	1.79376041991419	2	6	6	1	-9	-9	2	2	1	1	1	1	1	1	2	2	2	2	2	2	2	2	2	2	2	1	1	3	9	1	1	1	1	2	4	1	2	1	2	2	2	2	2	2	1	2	2	2	2	2	2	1	1	1	1	1	2	2	5	1	2	2	2	1	2	2	-9	2	5	3	3	1	-9	-9	2	2	2	2	2	2	2	2	2	1	2	2	2	2	2	1	1
62	1	51	5	3306	7	200.516108927549	41.1111069891138	2	6	6	6	-9	-9	2	2	1	1	1	2	2	2	2	1	2	2	2	2	2	2	2	2	2	1	4	4	8	1	1	1	3	3	5	1	1	2	2	2	2	2	2	1	2	2	2	2	2	2	2	2	2	1	1	1	1	1	-8	2	1	2	2	1	2	1	1	1	-8	6	6	6	-9	-9	2	2	1	2	2	2	2	2	2	2	2	2	2	2	2	2	1
63	1	114	5	3458	7	131.584398592926	50.952840972111	2	4	4	4	4	4	2	2	1	1	1	1	1	1	2	2	2	1	-8	-8	-8	2	1	2	1	1	4	4	6	1	1	2	-8	-8	-8	-8	-8	-8	2	2	2	2	2	1	2	2	2	2	2	2	1	1	2	1	1	1	2	2	2	1	1	2	2	1	2	1	1	2	5	4	1	4	1	4	2	2	2	2	2	2	2	2	2	1	2	2	2	2	2	2	1
64	1	5	5	3397	7	517.724140093603	5.31643534450116	2	2	2	2	-9	-9	2	2	1	1	2	2	1	1	1	1	1	2	1	1	1	2	1	1	1	1	-9	-9	-9	-9	-9	-9	-9	-9	-9	-9	-9	-9	2	2	2	2	2	2	2	1	2	2	2	2	2	2	1	2	1	1	1	2	2	1	1	2	2	2	2	2	1	2	3	2	2	2	-9	-9	-9	-9	-9	-9	-9	-9	-9	-9	-9	-9	-9	-9	-9	-9	-9	-9	4
65	1	144	5	1058	6	387.641784547394	1.82566775948128	2	2	2	2	2	2	2	1	-8	-8	-8	-8	-8	-8	-8	-8	-8	2	1	1	2	2	2	1	1	1	-9	-9	-9	-9	-9	-9	-9	-9	-9	-9	-9	-9	2	2	2	2	2	2	1	1	2	2	2	2	2	1	1	1	1	1	1	2	5	1	1	1	1	1	2	2	1	2	5	1	2	2	-9	-9	1	2	1	1	1	2	1	2	2	1	1	2	2	2	2	1	4
66	1	36	5	5049	5	421.415460487496	121.825118371017	2	-9	4	4	-9	-9	2	2	2	2	2	2	2	2	2	2	2	2	-9	2	-9	2	2	2	1	1	-9	-9	-9	-9	-9	-9	-9	-9	-9	-9	-9	-9	2	2	1	2	2	2	1	1	2	2	2	2	2	1	2	1	2	1	2	2	5	1	1	2	1	1	2	2	1	2	5	-9	4	4	-9	-9	2	2	1	2	2	2	2	2	2	1	2	2	2	1	2	1	1
67	1	35	5	9080	8	94.6183339661281	1.75427823885293	2	6	6	6	-9	-9	2	2	1	1	2	2	2	2	1	2	2	2	2	2	1	2	2	2	2	1	9	6	3	6	6	6	8	2	1	6	6	6	2	2	2	2	2	2	2	2	2	2	2	2	2	2	1	1	1	1	2	2	5	2	2	2	2	2	2	2	-9	2	5	2	1	1	-9	-9	1	2	1	1	2	2	2	1	1	1	2	2	2	2	2	2	1
68	1	193	4	9118	8	178.001342081855	18.743882119076	2	3	3	3	-9	-9	2	2	1	1	1	1	1	1	1	1	2	2	1	2	1	2	1	2	1	1	5	4	7	2	1	2	3	2	4	3	2	3	2	2	2	2	2	2	1	2	2	2	2	2	2	1	1	1	2	1	2	1	-8	1	1	1	1	1	1	1	1	2	5	3	3	1	-9	-9	2	2	2	2	2	2	2	2	2	1	2	2	1	1	2	2	3
69	1	73	5	9075	8	730.973363075381	10.0327409614412	2	6	6	6	-9	-9	2	2	2	2	2	2	2	1	2	1	2	2	1	2	1	2	2	2	2	1	9	0	9	3	0	3	9	0	0	-9	-9	-9	2	2	2	2	2	2	1	2	2	2	2	2	2	1	1	1	2	1	2	2	2	1	1	2	2	1	2	1	2	2	5	2	2	2	-9	-9	1	2	2	1	2	2	2	2	2	1	2	2	1	1	1	1	4
70	1	27	4	7389	9	83.005814645154	1.03966172297508	2	4	4	4	-9	-9	2	2	1	1	1	2	1	2	2	2	2	2	2	2	1	2	2	2	2	2	9	5	3	6	5	6	9	0	2	6	0	6	2	2	2	2	2	2	1	2	2	2	2	2	2	2	1	2	1	2	2	2	5	2	2	2	2	2	2	1	-9	2	5	2	2	2	-9	-9	2	2	2	2	2	2	2	2	2	2	2	2	2	2	2	2	1
71	1	200	4	4509	2	65.8831921379005	5.75689925884525	2	-9	-9	-9	3	1	2	2	2	2	2	2	2	2	2	2	2	2	2	1	2	2	2	1	2	2	1	0	8	1	0	1	0	0	6	0	0	0	2	2	2	2	2	1	1	1	2	2	2	2	2	2	2	2	1	1	1	2	5	1	2	2	2	1	2	1	-9	2	5	-9	-9	-9	1	3	2	2	2	2	2	2	2	2	2	2	2	2	2	2	2	2	2
72	1	77	5	2010	4	249.35580791574	35.3662738155834	2	3	5	5	-9	-9	2	1	-8	-8	-8	-8	-8	-8	-8	-8	-8	2	1	1	1	2	2	2	2	1	9	6	3	6	6	6	2	4	3	3	5	4	2	2	2	2	2	2	1	1	2	2	2	2	2	1	1	1	1	1	2	2	-9	1	2	2	2	2	2	1	1	2	-9	2	2	2	-9	-9	2	2	2	2	2	2	2	2	2	1	-9	-9	-9	-9	-9	-9	1
73	1	25	5	5118	5	102.069020773084	102.069020773084	2	6	6	6	-9	-9	2	2	1	1	2	2	1	2	2	1	2	2	1	2	1	2	1	2	2	1	9	5	7	3	2	4	7	4	4	5	4	5	2	2	1	2	2	1	1	1	2	2	2	2	2	2	1	1	1	1	2	2	5	1	1	2	2	1	2	2	1	2	5	1	6	6	-9	-9	1	2	1	1	1	2	2	2	2	1	1	2	2	2	2	1	4
74	1	214	4	2208	4	350.69094559554	3.18302291384486	2	2	2	2	2	2	2	1	-8	-8	-8	-8	-8	-8	-8	-8	-8	2	1	2	1	2	1	2	1	1	8	0	0	-9	-9	-9	2	0	0	-9	-9	-9	2	2	2	2	2	1	1	1	1	2	2	2	2	2	2	2	1	2	2	2	3	1	2	2	2	2	2	2	-9	2	5	2	2	2	2	2	2	2	2	2	2	2	2	2	2	2	2	1	1	1	1	1	4
75	1	82	6	5518	5	112.073315251961	3.48936751822296	1	-8	-8	-8	-8	-8	2	2	1	1	1	1	1	1	2	1	2	2	2	2	2	2	2	2	2	1	3	4	9	1	1	1	2	2	4	1	1	2	2	2	2	2	2	2	1	2	2	2	2	2	2	2	1	2	1	1	2	2	5	1	2	2	2	1	2	1	-9	2	5	3	2	2	-9	-9	2	2	2	2	2	2	2	2	2	2	2	2	2	2	2	2	2
76	1	206	4	3309	7	130.73915903051	35.115361207314	2	3	3	3	-9	-9	2	1	-8	-8	-8	-8	-8	-8	-8	-8	-8	1	-8	-8	-8	2	2	2	2	1	3	3	9	1	1	1	-8	-8	-8	-8	-8	-8	2	2	2	2	2	2	1	1	2	2	2	2	2	2	2	1	1	1	2	1	-8	1	2	1	2	1	2	1	1	2	5	3	3	3	-9	-9	1	2	2	2	2	2	2	2	1	1	2	2	2	1	2	1	2
77	0	110	5	3538	7	2489.81071322755	8.88032487717827	-5	-5	-5	-5	-5	-5	-5	-5	-5	-5	-5	-5	-5	-5	-5	-5	-5	-5	-5	-5	-5	-5	-5	-5	-5	-5	-5	-5	-5	-5	-5	-5	-5	-5	-5	-5	-5	-5	-5	-5	-5	-5	-5	-5	-5	-5	-5	-5	-5	-5	-5	-5	-5	-5	-5	-5	-5	-5	-5	-5	-5	-5	-5	-5	-5	-5	-5	-5	-5	-5	-5	-5	-5	-5	-5	-5	-5	-5	-5	-5	-5	-5	-5	-5	-5	-5	-5	-5	-5	-5	-5
78	1	91	2	5576	5	49.8418120711336	21.1322547801597	2	-9	-9	-9	6	6	2	2	2	2	2	2	2	1	2	2	2	2	2	1	2	2	2	1	2	1	0	0	9	0	0	0	0	0	4	0	0	0	2	2	2	2	2	2	1	1	1	2	2	2	2	1	1	2	1	1	1	2	5	2	1	1	1	1	1	1	1	2	5	-9	-9	-9	2	1	2	2	2	2	2	2	2	2	2	1	2	2	2	1	2	2	1
79	0	43	2	5532	5	108.585002687013	1.93010424635206	-5	-5	-5	-5	-5	-5	-5	-5	-5	-5	-5	-5	-5	-5	-5	-5	-5	-5	-5	-5	-5	-5	-5	-5	-5	-5	-5	-5	-5	-5	-5	-5	-5	-5	-5	-5	-5	-5	-5	-5	-5	-5	-5	-5	-5	-5	-5	-5	-5	-5	-5	-5	-5	-5	-5	-5	-5	-5	-5	-5	-5	-5	-5	-5	-5	-5	-5	-5	-5	-5	-5	-5	-5	-5	-5	-5	-5	-5	-5	-5	-5	-5	-5	-5	-5	-5	-5	-5	-5	-5	-5
80	1	88	4	3351	7	160.819173947643	2.28438090140628	2	3	3	3	-9	-9	2	2	1	2	2	2	2	2	2	2	2	2	2	2	2	2	2	2	2	1	7	6	5	3	4	4	5	0	0	-9	-9	-9	2	1	2	2	1	2	1	1	1	2	2	2	2	1	2	1	1	1	2	2	4	1	1	2	2	1	2	2	1	2	5	2	2	1	-9	-9	1	2	1	2	2	2	2	2	2	1	2	2	2	2	2	2	1
81	1	202	5	6050	1	260.653195742166	25.0362857937123	2	-9	-9	-9	4	-9	2	2	2	2	2	2	1	1	2	2	2	2	2	2	2	2	2	2	2	1	9	6	8	3	2	3	7	4	4	4	3	5	2	2	2	2	2	1	1	2	2	2	2	2	2	2	2	1	1	1	1	2	5	1	1	2	2	1	2	2	1	2	5	-9	-9	-9	-9	2	2	2	1	2	2	2	2	2	1	1	2	2	2	2	2	1	3
82	1	184	4	8215	3	147.765230237685	1.91050890152819	2	6	6	6	-9	-9	2	2	1	1	1	2	2	2	2	2	2	2	2	2	2	2	2	2	1	1	1	4	5	1	2	1	1	2	2	1	4	3	2	2	2	2	2	2	1	1	2	2	2	2	2	2	2	1	1	1	2	2	3	1	1	2	2	1	2	2	1	2	5	1	1	6	-9	-9	2	2	2	2	2	2	2	2	2	1	2	2	2	2	2	2	2
83	1	169	7	9237	8	1704.66491561358	5.06329999928691	1	-8	-8	-8	-8	-8	2	1	-8	-8	-8	-8	-8	-8	-8	-8	-8	2	2	2	1	2	2	2	1	1	9	3	0	-9	-9	-9	9	3	0	-9	-9	-9	2	2	2	2	2	2	1	2	2	1	2	2	2	1	1	1	1	1	2	2	5	1	2	2	2	2	2	2	-9	2	5	2	-9	-9	-9	-9	2	2	2	2	2	2	2	2	2	1	2	1	2	1	2	1	4
84	1	93	7	2230	4	8908.47415161762	10.2090318931483	2	2	2	2	-9	-9	2	1	-8	-8	-8	-8	-8	-8	-8	-8	-8	2	2	1	1	2	2	1	1	1	5	-9	-9	-9	-9	-9	4	-9	-9	-9	-9	-9	2	2	2	2	2	2	1	2	2	2	2	2	2	1	1	2	1	1	2	2	5	1	1	2	2	1	2	2	1	2	5	1	1	1	-9	-9	1	1	1	2	1	1	1	2	2	1	1	1	1	1	1	1	4
85	1	46	5	6031	1	1063.64051295221	48.3784632708728	2	6	6	-9	-9	-9	1	2	2	2	2	2	1	2	2	2	2	2	2	2	1	2	2	2	1	1	9	6	8	3	2	3	6	3	4	4	4	5	2	2	2	2	2	1	1	2	2	2	2	2	2	2	2	1	2	1	2	2	2	1	2	1	1	1	2	1	1	2	5	2	2	2	-9	-9	2	2	2	2	1	2	2	2	2	1	2	2	2	2	2	2	4
86	1	67	5	5415	5	122.654381802763	31.4219028531928	2	-9	-9	-9	3	1	2	2	2	2	2	2	1	2	2	2	2	2	2	2	2	2	2	2	2	1	7	4	9	1	1	1	4	3	6	2	1	2	2	2	2	2	2	1	1	1	2	2	2	2	2	2	1	1	1	2	2	2	1	1	1	1	1	1	-9	-9	2	-9	-8	-9	-9	-9	-9	-9	-9	-9	-9	-9	-9	-9	-9	-9	-9	-9	-9	-9	-9	-9	-9	-9	-9
87	1	134	5	7088	9	454.747493722087	23.6725880408028	2	3	-9	-9	-9	-9	1	1	-8	-8	-8	-8	-8	-8	-8	-8	-8	2	1	2	1	2	1	2	1	1	4	3	7	2	1	2	3	1	2	4	2	4	2	2	2	2	2	2	1	2	2	2	2	2	2	1	1	1	1	1	1	2	5	1	2	2	2	2	2	2	1	2	5	2	-9	-9	-9	-9	2	2	2	2	2	2	2	2	2	2	2	2	2	2	2	2	1
88	1	89	5	1048	6	182.755552096954	5.45538961483446	2	2	3	3	-9	-9	2	2	1	1	1	2	1	2	1	2	2	2	2	2	1	2	2	2	1	2	4	4	8	1	1	1	1	1	1	2	2	3	2	2	2	2	2	1	1	1	2	2	2	2	2	1	2	1	1	1	1	2	5	1	1	2	2	1	2	1	1	2	5	1	3	3	-9	-9	2	2	1	2	2	2	2	2	2	2	2	2	2	2	2	2	1
89	1	106	5	8058	3	1472.63560025571	84.3423517821045	2	6	6	4	-9	-9	2	2	2	2	2	1	1	1	2	2	2	2	2	2	2	2	2	2	2	2	9	6	5	4	5	5	7	6	4	4	5	5	2	2	2	2	2	2	2	2	2	2	2	2	2	2	2	2	1	2	2	2	5	1	-9	2	2	-9	2	-9	-9	2	5	6	6	4	-9	-9	1	2	2	2	2	2	2	2	2	2	2	1	1	1	1	2	4
90	0	66	5	8232	3	191.12582471499	15.3771455429706	-5	-5	-5	-5	-5	-5	-5	-5	-5	-5	-5	-5	-5	-5	-5	-5	-5	-5	-5	-5	-5	-5	-5	-5	-5	-5	-5	-5	-5	-5	-5	-5	-5	-5	-5	-5	-5	-5	-5	-5	-5	-5	-5	-5	-5	-5	-5	-5	-5	-5	-5	-5	-5	-5	-5	-5	-5	-5	-5	-5	-5	-5	-5	-5	-5	-5	-5	-5	-5	-5	-5	-5	-5	-5	-5	-5	-5	-5	-5	-5	-5	-5	-5	-5	-5	-5	-5	-5	-5	-5	-5
91	1	4	6	6037	1	396.57903250761	12.8796188287625	2	6	6	6	-9	-9	-9	2	2	2	2	2	2	2	2	2	2	2	1	2	1	2	2	2	2	1	5	4	9	1	1	1	2	2	4	2	2	2	2	2	2	2	1	2	-9	2	2	2	2	2	2	1	1	1	1	1	2	2	5	1	1	2	2	1	2	2	1	2	5	3	3	3	-9	-9	2	2	1	2	2	2	1	1	1	1	2	2	2	2	2	2	1
92	1	41	5	3309	7	128.885662773806	35.115361207314	2	6	6	6	6	6	2	2	1	1	1	2	1	1	1	2	2	2	2	2	2	2	2	2	2	2	4	3	-9	-9	-9	-9	-9	-9	-9	-9	-9	-9	2	2	2	2	2	2	2	2	2	2	2	2	2	2	1	1	1	1	2	1	-8	1	2	1	2	1	2	2	1	2	5	-9	-9	-9	6	6	2	2	1	2	2	2	2	2	2	1	2	2	2	2	2	2	2
93	1	196	5	3440	7	126.03782125023	18.6830257306409	2	-9	-9	-9	6	6	2	2	2	2	2	2	2	1	2	2	2	2	2	2	1	2	2	2	2	1	1	3	9	1	1	1	1	3	5	1	2	1	2	2	2	2	2	1	1	1	1	2	2	2	2	1	1	1	1	1	2	2	4	1	1	1	1	1	1	1	1	2	5	-9	-9	-9	6	1	2	2	2	2	2	2	2	2	2	2	2	2	2	2	2	2	1
94	1	113	6	5615	5	196.767370435236	16.9983486016898	2	4	4	1	-9	-9	2	2	1	1	1	1	1	1	1	1	1	2	1	2	1	2	2	2	1	2	4	6	9	1	1	1	4	6	1	6	6	6	2	2	2	2	2	2	1	2	2	2	2	2	2	2	2	1	1	1	2	2	4	1	1	2	2	2	2	1	1	2	5	4	4	1	-9	-9	2	2	2	2	2	2	2	2	2	1	2	1	1	1	1	2	2
95	1	13	6	2010	4	77.5567075823762	35.3662738155834	2	-9	-9	-9	6	6	2	2	1	1	2	2	2	2	2	2	2	2	1	2	1	2	2	2	2	1	9	6	9	2	1	2	7	3	4	4	3	5	2	1	1	1	1	2	2	2	2	2	2	2	2	1	1	1	1	1	2	2	5	1	2	2	2	1	2	2	-9	2	5	-9	-9	-9	6	6	2	2	2	2	2	2	2	2	2	2	2	2	2	2	2	2	2
96	1	167	4	5541	5	149.321698847097	38.6102691601497	2	-9	-9	-9	6	1	2	2	1	1	1	2	2	2	2	2	2	2	2	2	2	2	2	2	2	2	6	5	9	1	1	1	6	5	6	2	2	2	2	2	2	2	2	1	1	1	1	2	2	2	2	1	1	1	1	1	2	2	5	1	1	1	1	1	1	1	1	2	5	-9	-9	-9	6	1	2	2	1	2	2	2	2	2	2	1	2	2	2	2	2	2	4
97	1	55	5	7222	9	157.627775299614	4.84806115118242	1	-8	-8	-8	-8	-8	2	2	2	2	2	2	1	1	2	1	2	2	2	2	1	2	2	2	2	2	9	5	4	5	4	5	9	5	5	5	4	5	2	2	2	2	2	1	1	1	1	2	2	2	2	2	2	1	1	2	2	2	5	1	1	1	1	1	-9	-9	2	2	5	1	1	1	1	1	1	1	1	1	1	1	1	1	1	1	1	1	1	1	1	1	3
98	1	33	5	2083	4	97.3977823225819	3.29868273571014	2	-9	-9	-9	4	4	1	2	1	1	1	2	2	1	2	2	2	2	1	2	1	2	2	2	1	2	9	6	9	3	3	4	9	6	6	3	3	4	2	2	2	2	2	2	1	2	2	2	2	2	2	2	1	1	2	2	2	2	5	2	1	2	2	2	2	2	1	2	5	-9	-9	-9	1	4	2	2	2	2	2	2	2	1	1	1	2	2	2	2	2	2	2
99	0	217	5	7121	9	93.0729572644432	19.4403773953458	-5	-5	-5	-5	-5	-5	-5	-5	-5	-5	-5	-5	-5	-5	-5	-5	-5	-5	-5	-5	-5	-5	-5	-5	-5	-5	-5	-5	-5	-5	-5	-5	-5	-5	-5	-5	-5	-5	-5	-5	-5	-5	-5	-5	-5	-5	-5	-5	-5	-5	-5	-5	-5	-5	-5	-5	-5	-5	-5	-5	-5	-5	-5	-5	-5	-5	-5	-5	-5	-5	-5	-5	-5	-5	-5	-5	-5	-5	-5	-5	-5	-5	-5	-5	-5	-5	-5	-5	-5	-5	-5
100	1	2	5	9089	8	420.702383155334	9.36537232566063	2	4	-9	-9	-9	-9	2	1	-8	-8	-8	-8	-8	-8	-8	-8	-8	1	-8	-8	-8	2	1	2	1	-9	5	4	4	3	2	3	-8	-8	-8	-8	-8	-8	2	2	2	2	2	1	1	1	2	1	2	2	2	2	1	1	1	1	1	2	5	1	1	2	2	2	2	2	-9	2	4	1	-9	-9	-9	-9	1	2	1	1	2	2	2	2	1	1	2	1	1	1	1	1	1
101	1	146	5	7564	9	55.2730709344633	8.22788251808477	2	-9	-9	-9	6	6	2	2	2	2	2	2	1	2	2	2	2	2	1	2	2	2	1	2	2	1	9	6	6	5	6	5	9	-9	-9	-9	-9	-9	2	2	2	2	2	1	1	2	1	2	2	2	2	2	1	1	2	2	2	2	5	1	1	2	2	2	2	1	-9	2	5	-9	-9	-9	3	-9	2	2	2	2	2	2	2	1	1	1	2	2	1	1	1	1	2
102	1	188	5	2138	4	174.656185694112	4.1725328448731	2	-9	-9	-9	-9	-9	2	1	-8	-8	-8	-8	-8	-8	-8	-8	-8	2	2	2	2	2	2	2	2	2	1	3	9	1	1	1	1	3	6	1	1	1	2	2	2	2	2	2	1	1	-9	2	2	2	2	2	2	1	1	1	-9	2	5	1	2	2	2	2	2	2	-9	2	5	6	1	6	-9	-9	2	2	2	2	2	2	2	2	2	1	2	1	1	1	1	1	4
103	0	136	5	7366	9	85.4025920392353	6.4097527610331	-5	-5	-5	-5	-5	-5	-5	-5	-5	-5	-5	-5	-5	-5	-5	-5	-5	-5	-5	-5	-5	-5	-5	-5	-5	-5	-5	-5	-5	-5	-5	-5	-5	-5	-5	-5	-5	-5	-5	-5	-5	-5	-5	-5	-5	-5	-5	-5	-5	-5	-5	-5	-5	-5	-5	-5	-5	-5	-5	-5	-5	-5	-5	-5	-5	-5	-5	-5	-5	-5	-5	-5	-5	-5	-5	-5	-5	-5	-5	-5	-5	-5	-5	-5	-5	-5	-5	-5	-5	-5	-5
104	1	185	5	9075	8	96.4729027313577	1.86768554707678	2	6	6	6	-9	-9	2	2	1	1	2	2	1	1	2	2	2	2	2	2	1	2	2	2	2	1	-9	-9	-9	-9	-9	-9	-9	-9	-9	-9	-9	-9	2	2	2	2	2	2	1	2	2	2	2	2	2	1	1	1	2	1	2	2	3	2	2	2	2	2	2	1	1	2	4	2	2	2	-9	-9	2	2	2	2	2	2	2	2	2	2	2	1	1	1	1	2	4
105	1	126	5	3538	7	1948.70071640225	33.6369513763335	2	3	3	3	-9	-9	2	2	1	1	1	1	1	1	2	2	2	1	-8	-8	-8	2	-9	-9	-9	2	4	3	3	3	3	4	-8	-8	-8	-8	-8	-8	2	2	2	2	1	1	1	1	1	2	2	2	2	1	1	2	1	1	1	1	-8	1	1	2	2	1	2	-9	-9	2	2	1	1	1	-9	-9	1	1	1	1	1	1	1	1	1	1	1	2	2	2	2	1	1
106	1	176	5	3017	7	64.3388531654725	1.01930875713987	2	6	6	6	-9	-9	2	2	1	1	1	2	2	2	2	2	2	2	2	2	1	2	2	2	2	2	9	6	8	3	2	4	9	6	6	3	2	4	-9	-8	-8	-8	-8	1	2	1	2	2	2	2	2	2	2	2	2	1	2	2	5	1	2	2	2	2	2	2	1	2	5	6	6	6	-9	-9	2	2	2	2	2	2	2	2	2	1	2	2	1	1	2	1	4
107	1	63	5	3529	7	96.7403623299167	24.8835769530923	2	4	4	4	-9	-9	2	2	2	2	1	2	1	2	2	2	2	2	2	2	2	2	1	2	1	1	-9	-9	-9	-9	-9	-9	-9	-9	-9	-9	-9	-9	2	2	2	2	1	1	1	1	1	2	2	2	2	1	1	1	1	1	2	2	1	1	2	2	2	1	2	1	1	2	5	4	4	4	-9	-9	2	2	2	2	2	2	2	2	1	1	2	2	2	2	2	2	2
108	1	138	6	4105	2	114.424537976282	77.9707028687938	2	-9	3	3	-9	-9	2	2	2	2	2	2	2	2	2	2	2	2	2	2	2	2	2	2	2	1	4	3	8	1	1	1	1	1	1	2	2	3	2	2	2	2	2	1	1	1	1	2	2	2	2	1	2	1	1	1	2	2	5	1	1	1	1	1	2	2	1	2	5	-9	4	1	-9	-9	1	2	1	2	2	2	2	1	1	1	2	2	2	2	2	2	4
109	1	39	5	9101	8	847.509878775228	10.0823428545688	2	4	-9	-9	-9	-9	1	1	-8	-8	-8	-8	-8	-8	-8	-8	-8	2	1	2	1	2	1	2	1	1	1	1	3	1	1	1	1	1	1	3	5	4	2	2	2	2	2	1	1	2	2	2	2	2	2	1	1	1	1	1	1	2	5	1	2	2	2	2	2	2	1	2	5	1	-9	-9	-9	-9	1	2	1	2	1	2	2	2	1	1	1	1	1	1	1	1	1
110	0	85	5	4135	2	493.60989387283	17.5994613971371	-5	-5	-5	-5	-5	-5	-5	-5	-5	-5	-5	-5	-5	-5	-5	-5	-5	-5	-5	-5	-5	-5	-5	-5	-5	-5	-5	-5	-5	-5	-5	-5	-5	-5	-5	-5	-5	-5	-5	-5	-5	-5	-5	-5	-5	-5	-5	-5	-5	-5	-5	-5	-5	-5	-5	-5	-5	-5	-5	-5	-5	-5	-5	-5	-5	-5	-5	-5	-5	-5	-5	-5	-5	-5	-5	-5	-5	-5	-5	-5	-5	-5	-5	-5	-5	-5	-5	-5	-5	-5	-5
111	1	32	4	4282	2	91.713151873909	6.1768952445046	2	4	4	4	-9	-9	2	2	2	2	2	2	2	2	2	2	2	2	2	2	2	2	2	2	2	1	4	4	9	1	1	1	3	0	2	4	0	4	2	2	2	2	2	2	1	1	2	2	2	2	2	1	2	1	1	1	1	2	5	1	1	1	2	1	2	2	1	2	5	1	1	1	-9	-9	2	2	2	2	2	2	2	2	2	2	2	2	2	2	2	2	4
112	1	226	5	7088	9	120.689148277387	23.6725880408028	2	-9	-9	-9	6	6	1	2	1	2	1	2	2	2	2	2	2	2	1	2	1	2	2	2	1	1	7	6	7	3	5	4	6	6	5	3	5	4	2	2	2	2	2	1	1	1	2	2	2	2	2	2	1	1	1	1	2	2	5	1	2	2	2	1	2	2	1	2	5	-9	-9	-9	6	1	2	2	2	2	2	2	2	2	2	1	2	1	1	1	1	2	1
113	1	177	5	9089	8	3788.36619516463	51.550428125747	2	6	6	6	-9	-9	2	1	-8	-8	-8	-8	-8	-8	-8	-8	-8	2	1	2	1	2	1	2	1	2	5	0	4	3	0	3	0	0	0	-9	-9	-9	2	2	2	2	2	1	1	2	2	2	2	2	2	1	1	1	1	1	1	2	5	1	1	2	2	2	2	2	1	2	5	3	3	3	-9	-9	2	2	2	2	2	2	2	2	2	1	2	2	2	1	2	1	1
114	1	96	5	7536	9	28.8238284821941	1.79376041991419	2	-9	-9	-9	6	6	2	2	2	2	2	2	1	2	2	1	2	2	2	2	2	2	2	2	2	1	8	5	9	1	1	1	8	5	6	1	1	1	2	2	2	2	2	2	1	1	1	2	2	2	2	2	1	1	1	1	2	2	5	1	1	2	2	2	2	2	1	2	5	-9	-9	-9	3	3	1	2	2	2	2	2	2	1	1	1	2	2	2	2	2	2	2
115	1	152	5	7330	9	569.059553045519	1.28625944374007	2	4	-9	-9	-9	-9	2	-9	-8	-8	-8	-8	-8	-8	-8	-8	-8	2	-9	2	-9	2	-9	2	-9	1	-9	-9	-9	-9	-9	-9	-9	-9	-9	-9	-9	-9	-9	-8	-8	-8	-8	1	1	1	1	2	2	2	1	1	1	2	1	-9	-9	-9	-8	1	2	2	2	2	2	2	1	-9	-8	2	-9	-9	-9	-9	1	1	1	1	2	2	1	1	1	1	1	1	1	1	1	1	3
116	1	118	5	8058	3	140.149113482193	6.52999376445086	2	-9	6	6	-9	-9	2	2	1	1	1	1	1	1	2	2	2	2	2	2	2	2	2	2	2	1	7	4	5	3	3	4	3	1	3	3	1	3	2	2	2	2	2	2	1	2	2	2	2	2	2	1	1	1	1	1	1	2	5	1	1	2	2	1	2	2	1	2	5	-9	1	1	-9	-9	1	2	1	1	1	1	1	1	1	1	2	1	2	2	2	1	1
117	1	90	5	9159	8	184.398730329455	6.23629658276007	2	4	6	6	-9	-9	2	2	2	2	2	2	2	2	2	1	1	2	1	2	1	2	2	2	1	2	7	6	6	3	4	4	7	6	1	6	6	6	2	2	2	2	2	2	2	2	2	2	2	2	2	1	2	1	1	1	1	2	1	1	1	1	1	1	-9	-9	1	2	5	2	2	3	-9	-9	2	2	1	2	2	2	2	2	2	1	2	1	1	1	1	1	4
118	1	23	6	2208	4	111.954409398242	7.21945703889261	2	-9	-9	-9	-9	4	2	2	2	2	2	2	1	1	2	2	2	2	2	1	1	2	2	1	1	2	1	0	9	1	0	1	0	0	5	0	0	0	2	2	1	2	1	1	1	1	1	2	2	2	2	1	1	2	2	1	1	2	5	2	2	2	2	1	2	2	1	2	5	-9	-9	-9	-9	4	1	2	1	2	2	2	2	1	1	1	2	2	2	1	2	2	4
119	1	79	5	6210	1	266.514516504033	41.1566673320728	2	2	-9	-9	-9	-9	2	2	1	1	2	2	1	1	2	2	2	2	1	2	2	2	1	2	2	1	9	3	5	4	1	4	9	3	6	4	1	4	2	2	2	2	1	2	2	2	2	2	2	2	2	1	1	2	1	2	1	2	2	1	2	2	2	1	2	2	-9	2	5	2	-9	-9	-9	-9	2	2	1	2	2	2	2	2	2	2	2	1	1	1	1	1	1
120	1	54	4	8279	3	132.727868000479	6.34888601721588	2	-9	-9	6	6	-9	2	2	2	2	2	2	1	2	1	2	1	2	2	2	2	2	2	2	1	2	5	4	8	1	1	2	3	2	3	4	2	4	-9	-8	-8	-8	-8	2	1	2	2	2	2	2	2	1	2	1	1	1	1	2	1	1	2	2	2	1	2	2	1	2	5	-9	-9	6	-9	-9	2	2	1	2	2	2	2	2	2	1	2	2	2	2	2	2	4
121	1	123	5	9024	8	62.5242258549863	3.04556710234167	2	-9	-9	-9	6	1	2	2	1	1	1	1	2	1	2	1	2	2	2	2	2	2	2	2	2	2	6	3	2	5	4	5	3	1	1	5	2	5	2	2	2	2	1	2	1	2	2	2	2	1	2	1	1	1	1	1	2	2	3	2	1	2	2	1	2	1	1	2	5	-9	-9	-9	6	3	2	2	1	2	2	2	2	2	2	1	1	2	2	2	2	2	4
122	1	16	4	5600	5	260.629210433306	24.8486003044697	2	-9	-9	-9	6	1	2	2	2	2	2	2	2	2	2	2	2	2	1	2	2	2	2	2	2	1	5	2	8	1	1	1	3	2	3	4	3	4	2	2	2	2	2	2	1	1	1	2	2	2	2	1	1	1	2	1	2	2	5	1	2	2	2	2	2	2	1	2	5	-9	-9	-9	3	3	2	2	2	2	2	2	2	2	2	1	2	2	2	2	2	1	1
123	1	1	5	6100	1	60.6549360868969	4.37018516635633	2	-9	-9	-9	4	1	2	1	-8	-8	-8	-8	-8	-8	-8	-8	-8	2	2	-9	2	2	2	1	1	2	8	6	9	1	2	2	-9	-9	-9	-9	-9	-9	2	2	2	2	2	2	1	2	2	2	2	2	2	1	1	1	1	1	2	1	-8	1	1	1	1	1	-9	-9	1	2	5	-9	-9	-9	4	1	2	2	2	2	2	2	2	2	2	2	2	2	2	2	2	2	2
124	1	149	4	5576	5	521.076913921306	21.1322547801597	2	2	2	2	-9	-9	2	2	1	1	1	1	1	2	1	2	2	2	-9	-9	-9	2	1	1	1	2	1	0	4	1	0	1	1	0	5	1	0	1	2	2	1	2	1	2	2	1	2	2	2	2	2	1	1	2	1	1	1	2	5	2	1	2	2	1	2	-9	-9	2	5	1	1	1	-9	-9	2	2	2	2	2	2	2	2	2	1	2	1	2	1	1	1	3
125	1	227	5	9159	8	163.788803181352	6.23629658276007	2	3	3	3	-9	-9	2	2	1	1	1	1	1	1	1	2	2	2	2	2	2	2	2	2	1	1	-9	-9	-9	-9	-9	-9	-9	-9	-9	-9	-9	-9	2	2	2	2	2	2	1	1	2	2	2	2	2	1	1	1	1	1	1	2	5	1	1	2	2	1	2	1	1	2	5	2	2	2	-9	-9	2	2	1	2	2	2	2	2	2	1	2	2	2	2	2	2	1
126	1	14	1	5535	5	129.276350752847	5.54881752737777	1	-8	-8	-8	-8	-8	2	1	-8	-8	-8	-8	-8	-8	-8	-8	-8	1	-8	-8	-8	2	2	2	2	1	9	6	9	2	3	3	-8	-8	-8	-8	-8	-8	2	2	2	2	2	2	2	2	2	2	2	2	2	1	1	1	1	1	2	2	4	1	2	2	2	1	2	2	1	2	5	2	2	2	-9	-9	1	2	1	1	1	2	2	2	2	1	2	2	2	2	2	1	4
127	1	133	4	9053	8	294.317604643525	5.06329999928691	2	-9	-9	-9	6	6	2	2	2	2	2	2	2	1	2	1	2	2	2	2	2	2	2	2	2	1	-9	-9	-9	-9	-9	-9	-9	-9	-9	-9	-9	-9	2	2	2	2	2	1	1	1	1	2	2	2	2	2	1	1	2	2	2	2	5	1	1	2	2	2	2	1	1	2	5	-9	-9	-9	6	1	2	2	1	2	2	2	2	2	2	2	2	2	2	2	2	2	4
128	1	81	5	7121	9	571.547095423167	19.4403773953458	2	3	-9	-9	-9	-9	2	2	2	2	2	1	1	1	2	1	1	2	1	2	1	2	1	2	1	1	7	3	4	4	2	4	7	3	5	4	2	4	2	2	1	2	2	1	2	2	2	2	2	2	2	1	1	2	1	1	1	2	4	1	2	2	2	1	2	2	1	2	2	3	-9	-9	-9	-9	2	2	2	2	2	2	2	2	2	1	2	1	1	1	1	1	2
129	1	204	5	7366	9	185.665795552092	6.4097527610331	2	-9	-9	-9	6	4	2	2	1	1	1	1	1	1	2	1	2	2	2	2	2	2	2	2	2	2	3	2	1	5	5	5	4	0	0	-9	-9	-9	2	2	2	2	2	2	1	1	1	2	2	1	2	2	1	1	2	1	2	2	5	1	2	2	2	1	2	1	2	2	5	-9	-9	-9	6	4	2	2	1	1	2	2	2	1	2	1	2	2	2	2	2	2	3
130	1	187	6	3538	7	5065.65241824458	8.88032487717827	2	2	2	2	-9	-9	2	1	-8	-8	-8	-8	-8	-8	-8	-8	-8	2	-9	2	2	2	-9	2	2	2	9	2	1	6	4	6	7	2	-9	-9	-9	-9	2	2	2	2	2	1	1	1	1	2	2	2	2	1	1	2	1	1	2	2	3	1	2	2	2	2	2	2	-9	2	5	1	1	1	-9	-9	1	2	2	2	2	2	2	2	2	2	1	1	1	1	1	1	1
131	1	98	4	5047	5	404.091946383822	182.35196136454	2	4	4	4	-9	-9	2	2	1	1	1	2	1	2	1	2	2	2	1	2	1	2	1	2	1	1	7	4	7	2	1	3	3	1	1	5	4	6	2	2	2	2	2	2	1	2	2	2	2	2	2	2	2	1	1	1	1	2	5	1	2	2	2	2	2	1	1	2	5	3	3	3	-9	-9	2	2	2	2	2	2	2	2	2	2	2	2	2	2	2	2	1
132	0	159	5	1058	6	218.122442564173	4.97332306126098	-5	-5	-5	-5	-5	-5	-5	-5	-5	-5	-5	-5	-5	-5	-5	-5	-5	-5	-5	-5	-5	-5	-5	-5	-5	-5	-5	-5	-5	-5	-5	-5	-5	-5	-5	-5	-5	-5	-5	-5	-5	-5	-5	-5	-5	-5	-5	-5	-5	-5	-5	-5	-5	-5	-5	-5	-5	-5	-5	-5	-5	-5	-5	-5	-5	-5	-5	-5	-5	-5	-5	-5	-5	-5	-5	-5	-5	-5	-5	-5	-5	-5	-5	-5	-5	-5	-5	-5	-5	-5	-5
133	1	127	5	3440	7	456.177211589816	18.6830257306409	2	4	4	4	-9	-9	2	2	2	2	2	2	2	1	2	2	2	2	2	2	2	2	2	2	2	1	2	4	6	1	2	1	1	1	4	1	1	1	1	-8	-8	-8	-8	2	1	1	2	2	1	1	1	1	1	1	1	1	1	2	2	1	1	2	2	1	2	1	1	2	5	1	1	6	-9	-9	2	2	2	2	2	2	2	2	2	2	2	2	2	2	2	2	1
134	0	174	4	8232	3	130.033920076965	15.3771455429706	-5	-5	-5	-5	-5	-5	-5	-5	-5	-5	-5	-5	-5	-5	-5	-5	-5	-5	-5	-5	-5	-5	-5	-5	-5	-5	-5	-5	-5	-5	-5	-5	-5	-5	-5	-5	-5	-5	-5	-5	-5	-5	-5	-5	-5	-5	-5	-5	-5	-5	-5	-5	-5	-5	-5	-5	-5	-5	-5	-5	-5	-5	-5	-5	-5	-5	-5	-5	-5	-5	-5	-5	-5	-5	-5	-5	-5	-5	-5	-5	-5	-5	-5	-5	-5	-5	-5	-5	-5	-5	-5
135	1	216	4	5615	5	307.023891479281	16.9983486016898	2	4	4	-9	-9	-9	2	2	2	2	2	2	1	2	2	2	2	1	-8	-8	-8	2	2	2	1	1	4	3	9	1	1	1	-8	-8	-8	-8	-8	-8	2	2	1	2	2	1	2	2	2	2	2	2	2	1	2	1	1	1	2	2	2	1	2	2	2	2	2	2	1	2	5	4	4	-9	-9	-9	2	2	2	2	2	2	2	2	2	2	2	2	2	2	2	2	1
136	1	112	5	9114	8	434.148873959695	30.0981120356936	2	-9	-9	-9	6	6	2	2	2	2	2	2	2	1	2	2	2	2	2	2	2	2	2	2	2	1	9	6	9	3	2	4	9	6	6	3	2	4	2	2	2	2	2	2	1	1	1	2	2	2	2	2	1	1	1	2	2	2	5	1	1	2	2	1	2	2	1	2	5	-9	-9	-9	4	1	2	2	2	2	2	2	2	1	1	1	2	2	2	2	2	1	2
137	1	163	5	7280	9	4903.11222256441	184.285539116886	2	3	3	3	-9	-9	2	2	1	1	1	2	2	1	1	2	2	2	1	1	2	2	1	1	2	1	0	6	3	0	6	5	0	5	3	0	6	4	2	2	2	2	2	1	1	1	1	2	2	2	2	2	1	2	1	1	1	2	5	1	2	2	2	1	2	1	1	2	2	2	2	2	-9	-9	1	2	2	2	2	2	2	1	1	1	2	2	2	2	2	1	2
138	1	218	5	9075	8	57.9459375478162	1.86768554707678	2	-9	-9	-9	6	6	2	2	2	2	2	2	2	2	2	2	2	2	2	2	1	2	2	2	2	1	-9	-9	-9	-9	-9	-9	-9	-9	-9	-9	-9	-9	2	2	2	2	2	1	1	2	2	2	2	2	2	1	1	1	1	1	2	2	4	1	2	2	2	2	2	2	1	2	5	-9	-9	-9	-9	6	2	2	2	2	2	2	2	2	2	2	2	2	2	2	2	2	4
139	0	20	1	9237	8	61.9296311973396	1.41272522063886	-5	-5	-5	-5	-5	-5	-5	-5	-5	-5	-5	-5	-5	-5	-5	-5	-5	-5	-5	-5	-5	-5	-5	-5	-5	-5	-5	-5	-5	-5	-5	-5	-5	-5	-5	-5	-5	-5	-5	-5	-5	-5	-5	-5	-5	-5	-5	-5	-5	-5	-5	-5	-5	-5	-5	-5	-5	-5	-5	-5	-5	-5	-5	-5	-5	-5	-5	-5	-5	-5	-5	-5	-5	-5	-5	-5	-5	-5	-5	-5	-5	-5	-5	-5	-5	-5	-5	-5	-5	-5	-5
140	1	173	5	5118	5	297.200972251037	102.069020773084	2	-9	-9	-9	3	1	1	2	2	2	2	2	1	1	2	2	2	2	1	2	1	2	1	2	1	1	8	0	0	-9	-9	-9	6	0	0	-9	-9	-9	2	2	2	2	2	1	1	1	1	1	2	2	1	1	2	1	1	1	1	2	1	1	1	1	1	1	-9	-9	1	2	5	-9	-9	-9	2	1	1	2	1	2	2	2	2	1	1	1	2	2	2	2	2	1	2
141	1	26	5	6040	1	1334.60861565013	79.6215367291272	2	6	6	6	-9	-9	2	2	2	2	2	2	1	1	2	1	2	2	1	2	1	2	1	2	1	1	9	4	3	6	4	6	4	0	0	-9	-9	-9	2	2	2	2	2	1	1	2	2	2	2	2	2	2	1	2	1	1	1	2	5	2	1	1	2	1	2	1	1	2	5	-9	-9	-9	-9	-9	1	2	1	2	1	1	2	2	2	1	1	1	1	1	1	1	4
142	1	37	4	3200	7	121.064691975758	7.92738902238101	2	2	4	4	-9	-9	1	2	2	2	1	1	2	1	2	2	2	2	1	2	2	2	1	2	2	1	7	4	7	3	1	3	3	1	2	5	2	5	2	2	2	2	2	2	1	1	2	2	2	2	2	1	2	1	1	1	2	2	2	1	1	2	2	1	2	1	-9	2	5	2	4	4	-9	-9	2	2	2	2	2	2	2	2	2	2	2	2	2	2	2	2	2
143	1	150	5	9084	8	1289.23530490096	34.1921188785444	2	6	6	6	-9	-9	1	2	1	1	1	2	2	2	1	2	1	2	2	2	1	2	2	2	1	1	9	5	7	4	2	4	9	5	6	4	2	4	2	2	2	2	2	2	2	2	2	2	2	2	2	1	1	1	1	1	1	2	4	1	1	2	2	1	2	2	1	2	3	4	4	4	-9	-9	2	2	2	2	2	2	2	2	2	1	2	2	2	2	2	2	1
144	1	178	4	5136	5	268.771105118423	72.540772759003	2	-9	-9	-9	-9	6	2	2	2	2	2	2	1	1	2	2	2	2	1	2	1	2	2	2	1	1	8	4	8	2	1	3	6	3	3	5	4	5	2	2	2	2	2	1	1	1	1	2	2	2	2	2	1	1	2	1	2	1	-8	2	1	1	1	1	-9	-9	2	2	5	-9	-9	-9	-9	6	2	2	2	2	2	2	2	2	2	2	2	2	2	2	2	2	2
145	1	186	5	1068	6	58.0073944366315	13.8086302874614	2	-9	-9	-9	4	4	2	2	1	1	2	2	2	1	2	2	2	2	-9	-9	-9	2	-9	-9	-9	-9	4	5	4	2	4	3	3	4	4	2	4	3	2	2	2	2	2	2	1	1	1	2	2	2	2	1	1	1	1	1	2	2	5	1	1	1	1	1	-9	-9	1	2	5	-9	-9	-9	4	4	1	2	1	2	2	2	2	1	1	1	2	1	2	2	2	2	2
146	1	103	5	4105	2	584.780271515953	77.9707028687938	2	3	-9	-9	-9	-9	1	1	-8	-8	-8	-8	-8	-8	-8	-8	-8	2	1	2	1	2	1	2	1	1	3	3	7	1	1	1	2	1	2	3	2	4	2	2	2	2	2	1	1	1	2	2	2	2	1	1	1	1	1	1	1	2	5	1	1	2	2	1	2	2	1	2	5	2	-9	-9	-9	-9	2	2	2	2	2	2	2	2	2	1	2	2	2	1	2	1	4
147	1	195	6	6100	1	124.890294593329	6.83955611135428	2	-9	-9	-9	4	1	2	2	2	2	2	2	2	2	2	2	2	2	2	1	1	2	2	1	1	1	0	0	8	0	0	0	0	0	3	0	0	0	2	2	2	2	2	1	1	1	1	2	2	2	2	1	2	2	1	1	1	1	-8	1	2	1	1	1	2	2	1	2	5	-9	-9	-9	3	1	2	2	2	2	2	2	2	2	1	1	2	2	2	2	2	2	4
148	0	179	5	3538	7	355.863656038256	33.6369513763335	-5	-5	-5	-5	-5	-5	-5	-5	-5	-5	-5	-5	-5	-5	-5	-5	-5	-5	-5	-5	-5	-5	-5	-5	-5	-5	-5	-5	-5	-5	-5	-5	-5	-5	-5	-5	-5	-5	-5	-5	-5	-5	-5	-5	-5	-5	-5	-5	-5	-5	-5	-5	-5	-5	-5	-5	-5	-5	-5	-5	-5	-5	-5	-5	-5	-5	-5	-5	-5	-5	-5	-5	-5	-5	-5	-5	-5	-5	-5	-5	-5	-5	-5	-5	-5	-5	-5	-5	-5	-5	-5
149	1	47	5	1004	6	559.269763651182	56	2	-9	4	4	-9	-9	2	1	-8	-8	-8	-8	-8	-8	-8	-8	-8	2	-9	-9	-9	2	2	-9	-9	2	-9	-9	-9	-9	-9	-9	-9	-9	-9	-9	-9	-9	2	2	2	2	2	2	1	2	2	2	2	2	1	2	2	1	2	1	2	2	5	2	-9	-9	-9	-9	-9	-9	-9	2	5	-9	4	4	-9	-9	2	2	2	2	2	2	2	2	2	2	2	2	2	2	2	2	1
150	1	225	6	5447	5	345.518323201012	117.981866458882	2	-9	5	5	-9	-9	1	1	-8	-8	-8	-8	-8	-8	-8	-8	-8	1	-8	-8	-8	2	2	2	2	1	-9	-9	-9	-9	-9	-9	-8	-8	-8	-8	-8	-8	2	2	2	2	2	2	1	2	2	2	2	2	2	2	1	1	1	1	2	2	1	1	1	1	1	1	2	2	1	2	5	-9	3	3	-9	-9	2	2	1	1	2	2	2	2	2	1	2	2	1	1	1	1	1
151	1	107	5	7335	9	68.1391456862312	7.50896480555288	2	-9	-9	-9	3	3	1	2	2	2	2	2	1	2	2	2	2	2	2	2	2	2	2	2	2	1	5	6	9	1	1	1	3	4	6	1	2	2	2	2	2	2	2	2	1	2	2	2	2	2	2	2	1	1	2	1	2	2	5	1	1	2	2	1	2	1	-9	2	5	-9	-9	-9	3	1	2	2	2	2	2	2	2	2	2	2	2	2	2	2	2	2	4
152	1	222	6	5600	5	326.194353087766	24.8486003044697	2	3	4	4	-9	-9	1	2	2	2	2	2	2	2	2	1	2	2	1	2	1	2	2	2	1	1	6	6	8	2	2	2	6	6	6	2	2	2	2	2	2	2	2	1	1	1	2	2	2	2	2	1	2	1	1	1	1	2	5	1	2	2	2	2	2	1	1	2	5	3	4	4	-9	-9	1	2	2	1	2	2	2	2	2	1	2	2	2	2	2	1	1
153	1	76	5	7108	9	1130.78823201019	115.386554286754	2	6	6	6	-9	-9	1	2	2	2	1	2	1	2	2	2	2	2	1	2	2	2	1	2	2	1	5	1	3	4	1	4	3	1	2	5	3	5	2	2	2	2	2	2	1	2	2	2	2	2	1	2	1	2	1	2	1	2	1	1	1	2	2	2	2	1	-9	2	1	3	3	3	-9	-9	2	2	2	2	2	2	2	2	2	1	2	2	2	2	2	1	1
154	1	154	4	8166	3	113.946271061822	66.721390659774	2	-9	4	4	-9	-9	2	2	1	2	1	2	1	1	2	2	2	2	1	2	1	2	1	2	1	1	7	3	0	-9	-9	-9	2	1	0	-9	-9	-9	2	2	2	2	2	1	1	1	2	2	2	2	2	2	2	1	1	1	2	2	3	1	2	1	1	2	2	2	1	2	5	-9	4	4	-9	-9	2	2	2	2	2	2	2	2	2	1	2	2	2	2	2	2	1
155	0	212	5	7399	9	81.2485835849587	2.75581719352456	-5	-5	-5	-5	-5	-5	-5	-5	-5	-5	-5	-5	-5	-5	-5	-5	-5	-5	-5	-5	-5	-5	-5	-5	-5	-5	-5	-5	-5	-5	-5	-5	-5	-5	-5	-5	-5	-5	-5	-5	-5	-5	-5	-5	-5	-5	-5	-5	-5	-5	-5	-5	-5	-5	-5	-5	-5	-5	-5	-5	-5	-5	-5	-5	-5	-5	-5	-5	-5	-5	-5	-5	-5	-5	-5	-5	-5	-5	-5	-5	-5	-5	-5	-5	-5	-5	-5	-5	-5	-5	-5
156	0	83	5	9075	8	247.018071992012	10.0327409614412	-5	-5	-5	-5	-5	-5	-5	-5	-5	-5	-5	-5	-5	-5	-5	-5	-5	-5	-5	-5	-5	-5	-5	-5	-5	-5	-5	-5	-5	-5	-5	-5	-5	-5	-5	-5	-5	-5	-5	-5	-5	-5	-5	-5	-5	-5	-5	-5	-5	-5	-5	-5	-5	-5	-5	-5	-5	-5	-5	-5	-5	-5	-5	-5	-5	-5	-5	-5	-5	-5	-5	-5	-5	-5	-5	-5	-5	-5	-5	-5	-5	-5	-5	-5	-5	-5	-5	-5	-5	-5	-5
157	1	56	5	8215	3	75.4940487149322	1.91050890152819	2	6	6	6	-9	-9	2	2	1	1	1	2	2	2	1	2	2	2	2	-9	2	2	2	-9	2	1	6	5	8	1	1	2	6	5	6	1	1	2	2	2	2	2	2	2	2	2	2	2	2	2	2	2	2	1	1	1	2	2	5	1	2	2	2	1	2	1	-9	2	5	1	1	6	-9	-9	2	2	2	2	2	2	2	2	2	2	2	2	1	2	2	2	2
158	1	44	5	4509	2	91.4985711979587	3.4455049954861	2	6	6	6	-9	-9	2	1	-8	-8	-8	-8	-8	-8	-8	-8	-8	2	1	2	1	2	1	2	1	1	-9	-9	-9	-9	-9	-9	-9	-9	-9	-9	-9	-9	2	2	2	2	2	2	1	2	2	2	2	2	2	2	1	2	1	1	2	2	5	2	1	1	1	1	2	2	1	2	5	1	1	1	-9	-9	2	2	2	1	2	2	2	2	2	2	2	2	2	2	2	1	1
159	1	59	5	9199	8	733.853990572342	2.74070976438042	2	4	-9	-9	-9	-9	2	1	-8	-8	-8	-8	-8	-8	-8	-8	-8	2	1	2	1	2	2	2	1	2	1	1	6	1	1	1	1	-9	1	4	-9	-9	2	2	2	2	2	1	1	1	1	2	2	2	1	1	1	1	1	1	1	2	5	1	1	2	2	1	2	2	1	2	2	2	-9	-9	-9	-9	1	2	1	2	2	2	2	1	1	1	2	2	2	1	1	1	1
160	1	97	5	6266	1	200.174	10.1751	2	4	4	4	-9	-9	2	2	2	2	2	2	1	2	2	2	2	2	2	2	2	2	2	2	2	1	8	5	7	3	2	3	4	3	2	5	5	5	2	2	2	2	2	2	2	2	2	2	2	2	2	2	2	1	1	1	2	2	3	2	1	2	2	2	2	1	1	2	5	4	4	4	-9	-9	2	2	2	2	2	2	2	2	1	1	2	1	1	1	1	1	4
161	0	80	5	7108	9	524.734092113574	115.386554286754	-5	-5	-5	-5	-5	-5	-5	-5	-5	-5	-5	-5	-5	-5	-5	-5	-5	-5	-5	-5	-5	-5	-5	-5	-5	-5	-5	-5	-5	-5	-5	-5	-5	-5	-5	-5	-5	-5	-5	-5	-5	-5	-5	-5	-5	-5	-5	-5	-5	-5	-5	-5	-5	-5	-5	-5	-5	-5	-5	-5	-5	-5	-5	-5	-5	-5	-5	-5	-5	-5	-5	-5	-5	-5	-5	-5	-5	-5	-5	-5	-5	-5	-5	-5	-5	-5	-5	-5	-5	-5	-5
162	1	29	5	7280	9	140.34319669546	2.02527475503663	1	-8	-8	-8	-8	-8	2	1	-8	-8	-8	-8	-8	-8	-8	-8	-8	2	1	2	1	2	2	2	1	1	-9	-9	-9	-9	-9	-9	-9	-9	-9	-9	-9	-9	2	2	2	2	2	1	1	1	2	2	2	2	2	2	2	2	1	1	2	2	5	1	2	2	2	2	2	2	-9	2	5	6	6	6	-9	-9	2	2	2	1	1	2	2	2	2	1	1	1	1	1	1	1	1
163	1	18	4	3100	7	119.893343757389	14.7102971563652	2	3	-9	-9	-9	-9	2	2	1	2	2	2	1	2	2	1	2	2	1	2	1	2	1	2	1	1	9	4	1	6	6	6	5	2	1	6	6	6	2	2	2	2	2	2	2	2	2	2	2	2	2	2	1	1	1	1	2	2	4	2	1	2	2	1	2	2	1	2	5	2	2	2	-9	-9	2	2	2	2	2	2	2	2	2	2	2	2	2	2	2	2	4
164	1	165	5	8279	3	124.758191086266	6.34888601721588	2	-9	-9	-9	-9	4	1	2	2	2	2	2	1	1	2	1	1	2	-9	2	1	2	2	-9	2	1	-9	-9	-9	-9	-9	-9	-9	-9	-9	-9	-9	-9	2	2	2	2	2	1	1	2	1	2	2	1	2	1	1	1	1	1	2	2	-9	1	1	2	2	1	2	2	-9	2	5	-9	-9	-9	-9	3	2	2	2	2	2	2	2	-9	2	2	2	2	2	2	2	1	4
165	0	199	6	7330	9	98.9790793956757	1.28625944374007	-5	-5	-5	-5	-5	-5	-5	-5	-5	-5	-5	-5	-5	-5	-5	-5	-5	-5	-5	-5	-5	-5	-5	-5	-5	-5	-5	-5	-5	-5	-5	-5	-5	-5	-5	-5	-5	-5	-5	-5	-5	-5	-5	-5	-5	-5	-5	-5	-5	-5	-5	-5	-5	-5	-5	-5	-5	-5	-5	-5	-5	-5	-5	-5	-5	-5	-5	-5	-5	-5	-5	-5	-5	-5	-5	-5	-5	-5	-5	-5	-5	-5	-5	-5	-5	-5	-5	-5	-5	-5	-5
166	1	108	5	7564	9	71.7749532066077	8.22788251808477	2	3	3	3	-9	-9	2	1	-8	-8	-8	-8	-8	-8	-8	-8	-8	2	1	2	1	2	2	2	2	1	9	0	0	-9	-9	-9	9	0	0	-9	-9	-9	2	2	2	2	1	1	2	2	2	2	2	2	2	2	1	1	2	2	2	2	-9	1	2	2	2	2	2	2	1	2	-9	3	3	3	-9	-9	1	2	1	2	1	2	2	1	1	1	2	1	1	1	1	1	2
167	1	34	5	9159	8	102.763608874857	6.23629658276007	2	-9	-9	-9	4	1	1	2	2	2	2	2	2	2	2	1	2	2	2	2	2	2	2	2	2	2	6	3	4	4	2	4	3	1	1	5	2	5	2	2	2	2	2	1	1	1	1	2	2	1	2	1	1	1	1	1	2	2	4	1	1	1	1	1	-9	-9	2	2	5	-9	-9	-9	3	1	1	2	1	2	2	2	2	1	1	1	2	2	1	2	2	1	2
168	1	219	5	1049	6	107.688215539187	34.9103123382229	2	2	2	2	2	2	2	2	2	2	2	2	-9	2	2	2	2	2	1	1	2	2	2	2	2	1	-9	-9	-9	-9	-9	-9	-9	-9	-9	-9	-9	-9	2	2	2	2	2	2	1	1	2	2	2	1	1	1	1	1	1	1	1	2	5	1	2	2	2	1	2	1	-9	2	5	1	2	2	2	2	2	2	1	2	2	2	2	2	2	1	2	2	2	2	2	2	4
169	1	148	5	9070	8	178.810443050125	58.9556170926135	2	6	6	6	-9	-9	2	2	1	1	1	1	1	2	1	2	2	1	-8	-8	-8	2	2	2	1	2	2	1	2	2	2	3	-8	-8	-8	-8	-8	-8	2	-9	-9	-9	-9	2	1	1	2	-9	2	2	2	1	1	1	1	1	1	2	1	1	2	2	2	2	2	2	1	2	5	2	1	2	-9	-9	1	2	1	2	2	2	2	2	2	1	2	2	2	2	2	1	4
170	1	38	5	9041	8	126.211145025654	18.9700727107525	2	-9	6	6	6	-9	2	2	2	2	2	1	1	1	2	1	2	2	1	2	2	2	1	2	1	1	8	0	0	-9	-9	-9	4	0	0	-9	-9	-9	2	2	2	2	2	2	2	2	2	2	2	1	2	2	1	2	1	1	2	2	5	1	2	2	2	1	2	2	1	2	5	-9	6	6	6	-9	1	2	2	2	2	2	2	2	2	1	2	1	1	1	1	1	4
171	1	164	5	5553	5	68.784689800352	3.02811028582654	2	-9	-9	-9	6	6	2	2	2	2	2	2	1	1	2	2	2	2	2	2	2	2	2	2	2	1	9	6	4	5	5	5	9	6	5	5	5	5	1	-8	-8	-8	-8	2	2	1	1	1	2	2	2	2	2	1	1	1	2	1	-8	1	1	2	2	1	2	1	1	2	5	-9	-9	-9	6	1	1	2	2	2	2	2	2	2	2	1	2	2	2	2	2	2	4
172	1	109	4	3100	7	105.643055458991	14.7102971563652	2	5	-9	-9	-9	-9	2	2	1	1	1	2	2	2	1	2	2	2	1	2	1	2	1	2	1	1	8	-9	-9	-9	-9	-9	4	-9	-9	-9	-9	-9	2	2	2	2	2	2	1	1	1	2	2	2	2	1	1	1	1	-9	-9	2	5	1	1	2	2	1	2	2	1	2	5	2	-9	-9	-9	-9	1	1	1	1	2	1	1	1	1	1	1	2	2	2	2	1	2
173	1	31	2	5553	5	152.75609713526	9.38315266880143	1	-8	-8	-8	-8	-8	2	2	1	1	1	1	1	1	2	2	2	2	2	2	1	2	2	2	1	2	9	4	1	6	6	6	9	4	1	6	6	6	2	2	2	2	2	2	2	2	2	2	2	2	2	2	1	1	1	1	2	1	-8	1	1	1	1	1	2	1	1	2	5	4	4	4	-9	-9	2	2	2	2	2	2	2	2	2	2	2	2	2	2	2	2	4
174	1	11	5	3161	7	258.810315116487	37.5590579254413	2	2	2	2	4	1	1	2	2	2	2	1	1	1	2	2	2	2	2	2	2	2	2	2	2	1	9	6	9	2	1	2	-9	-9	-9	-9	-9	-9	2	2	2	2	2	1	1	1	1	2	2	2	2	2	2	1	1	1	1	2	5	2	1	2	2	1	2	2	1	2	5	2	2	2	1	4	2	2	1	2	2	2	2	2	2	1	2	2	2	2	2	2	4
175	1	207	4	7564	9	94.9475100443097	8.22788251808477	2	4	4	4	-9	-9	2	2	1	1	1	1	1	1	2	2	2	2	1	2	1	2	1	2	1	1	9	6	7	4	3	5	9	6	6	4	3	5	2	2	2	2	2	2	1	2	2	2	2	2	2	1	1	1	1	1	2	2	5	1	2	2	2	2	2	2	-9	2	5	1	1	4	-9	-9	2	2	2	2	2	2	2	2	2	1	2	1	1	1	1	1	2
176	0	151	5	8166	3	203.870915904865	66.721390659774	-5	-5	-5	-5	-5	-5	-5	-5	-5	-5	-5	-5	-5	-5	-5	-5	-5	-5	-5	-5	-5	-5	-5	-5	-5	-5	-5	-5	-5	-5	-5	-5	-5	-5	-5	-5	-5	-5	-5	-5	-5	-5	-5	-5	-5	-5	-5	-5	-5	-5	-5	-5	-5	-5	-5	-5	-5	-5	-5	-5	-5	-5	-5	-5	-5	-5	-5	-5	-5	-5	-5	-5	-5	-5	-5	-5	-5	-5	-5	-5	-5	-5	-5	-5	-5	-5	-5	-5	-5	-5	-5
177	1	220	4	9080	8	332.486656921178	1.75427823885293	2	3	-9	-9	-9	-9	1	1	-8	-8	-8	-8	-8	-8	-8	-8	-8	2	1	2	2	2	1	2	2	1	9	0	1	6	0	6	9	0	2	6	0	6	2	2	2	2	2	1	2	2	2	2	2	2	2	1	1	1	1	1	1	2	2	1	2	2	2	2	2	2	1	2	5	2	-9	-9	-9	-9	1	2	1	2	2	2	2	2	2	1	2	2	1	2	2	2	3
178	0	19	5	9089	8	578.251706671559	9.36537232566063	-5	-5	-5	-5	-5	-5	-5	-5	-5	-5	-5	-5	-5	-5	-5	-5	-5	-5	-5	-5	-5	-5	-5	-5	-5	-5	-5	-5	-5	-5	-5	-5	-5	-5	-5	-5	-5	-5	-5	-5	-5	-5	-5	-5	-5	-5	-5	-5	-5	-5	-5	-5	-5	-5	-5	-5	-5	-5	-5	-5	-5	-5	-5	-5	-5	-5	-5	-5	-5	-5	-5	-5	-5	-5	-5	-5	-5	-5	-5	-5	-5	-5	-5	-5	-5	-5	-5	-5	-5	-5	-5
179	1	104	5	2230	4	78.2264151675239	2.92334008238497	-9	-8	-8	-8	-8	-8	-9	-9	-8	-8	-8	-8	-8	-8	-8	-8	-8	-9	-8	-8	-8	-9	-8	-8	-8	-9	-8	-8	-8	-8	-8	-8	-8	-8	-8	-8	-8	-8	-9	-8	-8	-8	-8	-9	-9	-9	-9	-9	-9	-9	-9	-9	-9	-9	-9	-9	-9	-9	-8	-9	-9	-9	-9	-9	-9	-9	-9	-9	-8	-9	-9	-9	-9	-9	-9	-9	-9	-9	-9	-9	-9	-9	-9	-9	-9	-9	-9	-9	-9	-9	-9
180	0	190	5	3351	7	131.053939104591	2.28438090140628	-5	-5	-5	-5	-5	-5	-5	-5	-5	-5	-5	-5	-5	-5	-5	-5	-5	-5	-5	-5	-5	-5	-5	-5	-5	-5	-5	-5	-5	-5	-5	-5	-5	-5	-5	-5	-5	-5	-5	-5	-5	-5	-5	-5	-5	-5	-5	-5	-5	-5	-5	-5	-5	-5	-5	-5	-5	-5	-5	-5	-5	-5	-5	-5	-5	-5	-5	-5	-5	-5	-5	-5	-5	-5	-5	-5	-5	-5	-5	-5	-5	-5	-5	-5	-5	-5	-5	-5	-5	-5	-5
181	1	128	5	7330	9	70.7306094975355	1.59399246923505	2	-9	-9	-9	2	3	1	2	2	2	1	2	1	2	2	2	2	2	2	2	2	2	2	2	2	1	9	6	9	2	1	2	6	4	4	4	4	5	2	2	2	2	2	2	1	2	2	2	2	2	2	2	1	1	1	2	2	2	5	1	2	2	2	1	2	2	-9	2	5	-9	-9	-9	3	-9	2	2	2	2	2	2	2	1	1	1	2	2	2	2	2	2	2
182	1	140	5	7399	9	80.5924274012369	2.75581719352456	2	6	6	1	-9	-9	2	2	1	1	1	2	1	2	2	1	2	2	2	2	1	2	2	2	1	1	9	-9	-9	-9	-9	-9	9	-9	-9	-9	-9	-9	2	2	2	2	2	2	2	2	2	2	2	2	2	1	1	2	1	1	2	2	5	2	2	2	2	2	2	1	1	2	5	6	6	1	-9	-9	2	2	2	1	2	2	2	2	2	1	2	2	2	2	2	2	4
183	1	30	5	4135	2	139.751960337594	17.5994613971371	-9	-8	-8	-8	-8	-8	-9	-9	-8	-8	-8	-8	-8	-8	-8	-8	-8	-9	-8	-8	-8	-9	-8	-8	-8	-9	-8	-8	-8	-8	-8	-8	-8	-8	-8	-8	-8	-8	2	2	2	2	2	2	1	1	2	2	2	2	2	1	2	1	1	1	1	2	4	1	2	2	2	1	2	1	-9	2	5	-9	3	3	-9	-9	1	2	2	2	2	2	2	2	2	2	2	2	2	2	2	1	4
184	1	102	5	3017	7	50.1827254091421	1.01930875713987	2	-9	-9	-9	6	6	2	2	2	2	2	2	1	2	2	2	2	1	-8	-8	-8	2	2	2	2	2	5	6	9	1	1	1	-8	-8	-8	-8	-8	-8	2	2	2	2	2	2	1	1	2	2	2	1	2	1	1	1	1	1	2	2	5	1	-9	-9	-9	-9	-9	-9	-9	2	5	-9	-9	-9	-9	4	2	2	2	2	2	2	2	2	2	1	2	2	2	2	2	2	2
185	1	87	5	9199	8	133.275887648453	2.74070976438042	2	-9	-9	-9	-9	6	2	2	2	2	2	2	2	2	2	2	2	2	2	2	1	2	2	2	2	1	1	2	4	1	1	1	1	2	0	-9	-9	-9	2	2	2	2	2	1	1	1	2	2	2	1	1	1	1	1	1	1	2	2	4	1	1	1	2	1	2	2	1	2	5	-9	-9	-9	-9	3	2	2	2	2	2	2	2	1	1	2	2	1	1	1	1	2	3
186	1	84	5	2047	4	279.61670243422	26.6957536689485	2	4	4	4	4	4	2	2	1	1	1	2	2	2	1	1	2	2	1	2	1	2	2	2	2	1	-9	-9	-9	-9	-9	-9	-9	-9	-9	-9	-9	-9	-9	-8	-8	-8	-8	-9	-9	-9	-9	-9	-9	-9	-9	-9	-9	-9	-9	-9	-9	-9	-8	-9	-9	-9	-9	-9	-9	-9	-9	-9	-8	-9	-9	-9	-9	-9	-9	-9	-9	-9	-9	-9	-9	-9	-9	-9	-9	-9	-9	-9	-9	-9	-9
187	1	71	5	8032	3	167.869091640442	7.91898382141418	1	-8	-8	-8	-8	-8	2	2	2	2	1	2	2	2	2	2	2	2	1	2	1	2	2	2	1	1	4	6	7	1	5	3	4	6	6	1	5	3	2	2	2	2	2	2	2	2	2	2	2	2	2	2	1	1	1	1	2	2	4	2	2	2	2	1	2	2	1	2	5	3	3	3	-9	-9	2	2	2	2	2	2	2	1	1	1	2	2	2	2	2	2	4
188	1	203	5	7339	9	422.391521449893	21.9280752498731	2	6	1	1	-9	-9	2	1	-8	-8	-8	-8	-8	-8	-8	-8	-8	2	2	2	2	2	2	2	2	1	8	0	0	-9	-9	-9	8	0	0	-9	-9	-9	2	2	2	2	2	1	1	2	2	2	2	2	2	2	2	2	1	2	2	2	5	1	2	2	2	1	2	2	1	2	5	6	1	1	-9	-9	2	2	2	2	2	2	2	2	2	2	2	2	1	1	2	2	1
189	0	99	5	2047	4	1043.153399669	26.6957536689485	-5	-5	-5	-5	-5	-5	-5	-5	-5	-5	-5	-5	-5	-5	-5	-5	-5	-5	-5	-5	-5	-5	-5	-5	-5	-5	-5	-5	-5	-5	-5	-5	-5	-5	-5	-5	-5	-5	-5	-5	-5	-5	-5	-5	-5	-5	-5	-5	-5	-5	-5	-5	-5	-5	-5	-5	-5	-5	-5	-5	-5	-5	-5	-5	-5	-5	-5	-5	-5	-5	-5	-5	-5	-5	-5	-5	-5	-5	-5	-5	-5	-5	-5	-5	-5	-5	-5	-5	-5	-5	-5
190	1	142	5	1068	6	91.8859025569041	13.8086302874614	2	3	3	3	-9	-9	2	2	1	1	2	2	2	2	2	2	2	2	2	2	2	2	2	2	2	2	7	4	9	2	1	2	5	4	6	2	1	2	2	2	2	2	2	1	1	1	2	2	2	2	2	2	2	1	1	1	2	2	5	2	1	1	2	2	2	1	1	2	5	2	2	2	-9	-9	2	2	2	2	2	2	2	2	2	1	2	2	2	2	2	1	1
191	1	111	5	5525	5	144.423713901404	5.07956235346669	2	6	-9	-9	-9	-9	-9	2	1	1	1	1	2	2	2	2	2	2	2	2	2	2	2	2	2	1	-9	-9	-9	-9	-9	-9	-9	-9	-9	-9	-9	-9	2	2	1	2	2	2	1	2	2	2	2	2	2	2	1	1	1	1	2	2	5	1	1	1	1	1	2	2	1	2	5	1	1	1	-9	-9	-9	-9	-9	-9	-9	-9	-9	-9	-9	-9	-9	-9	-9	-9	-9	-9	1
192	1	17	5	7399	9	69.9121390939775	2.75581719352456	2	-9	-9	-9	-9	-9	-9	2	1	2	2	2	2	2	2	2	2	2	1	2	1	2	2	2	2	1	-9	-9	-9	-9	-9	-9	-9	-9	-9	-9	-9	-9	2	2	2	2	2	2	2	2	2	2	2	2	2	2	2	1	1	2	2	2	5	1	2	2	2	2	2	2	2	2	5	-9	-9	-9	4	4	2	2	2	2	2	2	2	2	2	2	2	2	2	2	2	2	2
193	1	7	4	6100	1	327.130964252823	6.83955611135428	2	2	2	2	-9	-9	2	1	-8	-8	-8	-8	-8	-8	-8	-8	-8	1	-8	-8	-8	2	2	1	2	2	0	0	0	-9	-9	-9	-8	-8	-8	-8	-8	-8	2	2	1	2	1	1	1	1	1	1	2	2	2	1	2	2	1	1	1	1	-8	1	2	2	2	1	2	1	1	2	5	2	2	2	-9	-9	2	2	1	1	2	2	2	1	1	1	2	2	2	1	2	1	4
194	1	181	5	7222	9	74.3340544750432	4.84806115118242	2	-9	-9	-9	6	6	2	2	2	2	2	2	1	2	2	2	2	2	2	2	2	2	2	2	2	1	9	6	9	1	1	2	9	6	6	1	1	2	2	2	2	2	2	2	2	1	1	2	2	2	2	2	1	1	1	1	2	2	5	1	1	2	2	1	2	2	1	2	5	-9	-9	-9	6	6	2	2	2	2	2	2	2	2	2	2	2	2	2	2	2	2	4
195	1	48	5	4135	2	134.504358289368	17.5994613971371	2	-9	-9	-9	4	4	2	2	2	2	2	2	2	1	2	2	2	2	2	2	1	2	2	2	1	1	7	1	1	6	2	6	4	1	1	6	3	6	2	2	2	2	2	2	1	1	1	2	2	2	2	1	1	1	1	1	2	2	4	1	1	1	1	1	2	2	1	2	5	-9	-9	-9	2	2	2	2	2	2	2	2	2	2	2	1	2	1	2	1	2	2	4
196	1	145	5	4504	2	921.857657528113	13.8074354940784	2	-9	4	4	6	1	2	2	2	2	2	2	1	2	2	2	2	2	1	2	1	2	1	2	2	1	4	2	4	2	1	3	2	1	1	4	3	5	2	2	2	2	1	1	1	1	2	2	2	2	2	1	1	1	1	1	1	2	5	1	2	2	2	1	2	1	1	2	5	-9	3	3	3	-9	2	2	2	2	2	2	2	2	2	2	2	2	2	2	2	2	1
197	1	224	4	2050	4	227.030195376957	40.1198600855753	2	6	6	6	-9	-9	2	2	1	2	1	2	1	2	1	2	2	2	1	2	1	2	1	2	1	1	5	2	2	5	2	5	5	2	2	6	4	6	2	2	2	2	2	1	1	1	1	2	2	2	2	2	1	2	1	2	1	2	1	1	1	2	2	1	2	2	-9	1	-8	6	6	6	-9	-9	2	2	2	2	2	2	2	1	1	1	2	1	1	1	1	1	2
198	1	168	4	7330	9	77.6410931337317	1.28625944374007	2	-9	-9	1	6	6	2	2	2	2	2	2	2	2	2	2	2	2	-9	-9	-9	2	-9	-9	-9	1	9	6	6	5	5	6	9	6	6	5	5	6	2	2	2	2	2	2	2	2	2	2	2	2	2	2	1	2	2	2	2	2	5	2	2	1	1	1	-9	-9	2	2	5	-9	-9	-9	6	6	2	2	2	2	2	2	2	2	2	2	2	2	2	2	2	2	4
199	1	105	5	3100	7	81.7469530037288	14.7102971563652	2	-9	-9	-9	6	6	2	2	2	2	2	2	2	2	2	2	2	2	2	2	2	2	2	2	2	1	8	4	9	1	1	2	1	1	3	2	2	2	2	2	2	2	2	2	1	1	1	2	2	2	2	2	1	1	1	1	2	2	5	2	1	2	2	1	2	-9	-9	2	4	-9	-9	-9	4	1	2	2	2	2	2	2	2	2	2	2	2	2	2	2	2	2	1
200	0	115	5	7280	9	403.956989350212	12.0857485481024	-5	-5	-5	-5	-5	-5	-5	-5	-5	-5	-5	-5	-5	-5	-5	-5	-5	-5	-5	-5	-5	-5	-5	-5	-5	-5	-5	-5	-5	-5	-5	-5	-5	-5	-5	-5	-5	-5	-5	-5	-5	-5	-5	-5	-5	-5	-5	-5	-5	-5	-5	-5	-5	-5	-5	-5	-5	-5	-5	-5	-5	-5	-5	-5	-5	-5	-5	-5	-5	-5	-5	-5	-5	-5	-5	-5	-5	-5	-5	-5	-5	-5	-5	-5	-5	-5	-5	-5	-5	-5	-5
201	1	86	4	5626	5	110.616222593873	24.7592223848021	2	-9	-9	-9	3	3	1	2	2	2	2	2	1	2	2	2	2	2	2	2	1	2	2	2	2	1	7	5	7	2	2	3	4	3	2	5	6	6	2	2	2	2	2	1	1	1	1	2	2	2	2	2	1	1	1	2	2	2	5	1	2	2	2	2	2	1	1	2	5	-9	-9	-9	3	3	2	2	1	2	2	2	2	1	1	1	2	2	2	2	2	2	3
202	1	191	2	1004	6	3760.98395721925	56	2	-9	-9	-9	6	6	2	2	2	2	2	2	1	2	2	2	2	2	1	2	1	2	2	2	1	1	8	0	0	-9	-9	-9	4	0	0	-9	-9	-9	2	2	2	2	2	1	1	1	1	2	2	2	2	1	1	2	2	1	2	2	5	1	2	2	2	1	2	2	1	2	5	-9	-9	-9	-9	4	2	2	1	2	2	2	2	2	2	2	2	2	2	2	2	2	1
203	1	15	5	7222	9	203.240183089081	4.84806115118242	1	-8	-8	-8	-8	-8	1	2	2	2	2	2	2	2	2	2	2	2	2	2	2	2	2	2	2	1	3	4	2	3	6	5	2	4	1	4	6	5	2	2	2	2	2	1	1	2	2	2	2	1	2	1	1	1	1	1	2	1	-8	1	1	1	1	1	2	1	1	2	5	-9	-9	-9	-9	1	1	2	1	2	2	2	1	1	1	1	1	2	2	1	1	2	4
204	1	72	5	7339	9	362.922697811143	21.9280752498731	2	-9	6	6	1	-9	2	2	1	2	1	2	2	2	1	2	2	2	2	2	2	2	2	2	2	1	7	3	3	5	3	5	3	1	2	5	2	5	2	2	2	2	2	2	1	2	2	2	2	2	2	2	2	1	2	1	2	2	5	1	2	2	2	2	2	1	1	2	5	-9	1	1	1	-9	1	1	1	1	1	1	1	1	1	1	1	1	1	1	1	1	4
205	1	52	5	4282	2	79.1726757667448	6.1768952445046	2	6	6	6	-9	-9	2	2	2	2	2	2	2	2	2	2	2	2	2	2	2	2	2	2	2	1	6	6	9	1	1	1	4	4	4	3	4	4	2	2	2	2	2	1	1	2	2	2	2	2	2	2	1	1	1	1	2	2	5	1	2	2	2	1	2	2	-9	2	5	3	3	3	-9	-9	2	2	2	2	2	2	2	2	2	1	2	2	2	1	1	2	4
206	1	135	4	6037	1	135.574935039605	12.8796188287625	2	6	6	6	-9	-9	2	2	2	2	2	2	1	1	2	2	2	2	2	2	2	2	2	2	2	1	5	2	5	2	1	3	3	1	1	6	2	6	2	2	2	2	2	2	1	2	2	2	2	2	2	1	1	1	1	2	2	2	5	1	2	2	2	1	2	2	-9	2	5	2	2	2	-9	-9	2	2	2	2	2	2	2	2	2	2	2	2	2	2	2	2	1
207	0	137	2	2208	4	571.510015267157	3.18302291384486	-5	-5	-5	-5	-5	-5	-5	-5	-5	-5	-5	-5	-5	-5	-5	-5	-5	-5	-5	-5	-5	-5	-5	-5	-5	-5	-5	-5	-5	-5	-5	-5	-5	-5	-5	-5	-5	-5	-5	-5	-5	-5	-5	-5	-5	-5	-5	-5	-5	-5	-5	-5	-5	-5	-5	-5	-5	-5	-5	-5	-5	-5	-5	-5	-5	-5	-5	-5	-5	-5	-5	-5	-5	-5	-5	-5	-5	-5	-5	-5	-5	-5	-5	-5	-5	-5	-5	-5	-5	-5	-5
208	0	61	6	5626	5	176.549134439848	24.7592223848021	-5	-5	-5	-5	-5	-5	-5	-5	-5	-5	-5	-5	-5	-5	-5	-5	-5	-5	-5	-5	-5	-5	-5	-5	-5	-5	-5	-5	-5	-5	-5	-5	-5	-5	-5	-5	-5	-5	-5	-5	-5	-5	-5	-5	-5	-5	-5	-5	-5	-5	-5	-5	-5	-5	-5	-5	-5	-5	-5	-5	-5	-5	-5	-5	-5	-5	-5	-5	-5	-5	-5	-5	-5	-5	-5	-5	-5	-5	-5	-5	-5	-5	-5	-5	-5	-5	-5	-5	-5	-5	-5
209	1	101	5	3162	7	337.405186968153	10.8287893639689	2	3	6	6	6	1	1	2	1	2	2	2	2	2	2	2	1	1	-8	-8	-8	2	2	2	2	1	4	5	9	1	2	1	-8	-8	-8	-8	-8	-8	2	2	1	2	2	2	2	2	1	2	2	2	2	1	1	1	1	1	2	2	5	2	1	2	2	2	2	2	-9	2	5	6	6	6	6	1	2	2	2	2	2	2	2	2	2	2	2	2	2	2	2	2	4
210	1	65	5	7160	9	788.999706205927	81.0324022589871	2	6	6	6	-9	-9	1	2	2	2	2	2	1	1	2	1	2	2	1	2	1	2	1	2	1	1	4	3	2	4	3	4	4	3	3	4	3	4	2	2	2	2	1	1	1	1	2	2	2	2	2	2	1	1	1	1	1	1	-8	1	1	1	1	1	2	2	1	2	2	2	2	2	-9	-9	1	2	2	1	2	2	2	2	2	1	2	1	1	1	1	1	1
211	0	215	5	5074	5	338.557869445195	182.35196136454	-5	-5	-5	-5	-5	-5	-5	-5	-5	-5	-5	-5	-5	-5	-5	-5	-5	-5	-5	-5	-5	-5	-5	-5	-5	-5	-5	-5	-5	-5	-5	-5	-5	-5	-5	-5	-5	-5	-5	-5	-5	-5	-5	-5	-5	-5	-5	-5	-5	-5	-5	-5	-5	-5	-5	-5	-5	-5	-5	-5	-5	-5	-5	-5	-5	-5	-5	-5	-5	-5	-5	-5	-5	-5	-5	-5	-5	-5	-5	-5	-5	-5	-5	-5	-5	-5	-5	-5	-5	-5	-5
212	1	153	4	3017	7	413.494907590831	5.84740273360771	2	2	2	2	-9	-9	2	1	-8	-8	-8	-8	-8	-8	-8	-8	-8	1	-8	-8	-8	2	1	1	2	1	1	2	3	1	1	1	-8	-8	-8	-8	-8	-8	2	2	1	1	1	1	1	1	2	2	2	2	1	1	2	2	1	1	1	2	1	1	1	2	2	1	2	2	1	2	1	6	6	6	-9	-9	2	2	2	2	2	2	2	2	2	2	2	2	2	1	2	2	1
213	1	171	4	4105	2	118.553329703386	77.9707028687938	2	-9	-9	-9	4	4	2	2	2	2	2	2	2	2	2	2	2	2	2	2	1	2	2	2	2	1	4	1	9	1	1	1	1	1	1	3	2	3	2	2	2	2	2	2	1	1	2	2	2	2	2	1	1	1	1	1	2	2	5	1	1	2	2	1	2	2	1	2	5	-9	-9	-9	1	6	2	2	2	2	2	2	2	2	1	1	2	2	2	2	2	2	2
214	1	12	5	7536	9	99.5745040740905	1.79376041991419	1	-8	-8	-8	-8	-8	2	1	-8	-8	-8	-8	-8	-8	-8	-8	-8	2	1	2	1	2	2	2	2	1	8	0	9	2	0	2	6	0	4	4	0	4	2	2	-9	2	2	2	1	1	1	2	2	2	2	1	2	1	1	2	2	2	-9	1	2	2	2	1	2	1	1	2	-9	-9	6	-9	-9	-9	2	2	2	2	2	2	2	2	2	1	2	2	2	2	2	2	1
215	1	160	5	9114	8	731.953736269899	30.0981120356936	2	2	6	6	6	-9	2	1	-8	-8	-8	-8	-8	-8	-8	-8	-8	2	2	2	1	2	2	2	1	1	-9	-9	-9	-9	-9	-9	-9	-9	-9	-9	-9	-9	-9	-8	-8	-8	-8	-9	-9	-9	-9	-9	-9	-9	-9	-9	-9	-9	-9	-9	-9	-9	-8	-9	-9	-9	-9	-9	-9	-9	-9	-9	-8	-9	-9	-9	-9	-9	-9	-9	-9	-9	-9	-9	-9	-9	-9	-9	-9	-9	-9	-9	-9	-9	-9
216	1	197	4	7088	9	189.901617021696	23.6725880408028	2	-9	6	6	6	-9	2	2	1	1	1	2	1	1	2	2	2	2	2	2	2	2	2	2	1	1	9	4	4	5	3	5	4	1	1	6	5	6	2	2	2	2	2	1	1	2	2	2	2	2	2	2	2	1	2	1	1	2	1	1	2	2	2	1	2	2	1	2	5	-9	1	6	1	-9	2	2	2	2	2	2	2	2	2	1	2	2	2	2	2	2	4
217	1	175	5	2083	4	1639.34306948846	60.2531840431242	2	-9	-9	-9	3	3	2	2	2	2	2	2	1	1	2	1	2	2	2	2	2	2	2	2	-9	2	4	3	4	2	2	3	4	3	4	3	3	4	2	2	2	2	1	1	1	2	1	2	2	1	2	1	1	1	1	1	2	2	5	1	2	2	2	1	2	2	1	2	5	-9	-9	-9	3	1	2	2	1	2	2	2	2	2	2	2	2	2	2	2	2	2	4
218	1	57	4	3529	7	139.919129424765	24.8835769530923	2	-9	-9	-9	3	3	1	2	2	2	2	2	2	2	2	2	2	2	2	2	1	2	2	2	1	1	5	4	9	1	1	1	3	3	6	1	1	2	2	2	2	2	2	1	1	1	1	2	2	2	2	2	1	1	1	1	2	2	5	1	1	1	1	1	-9	-9	1	2	5	-9	-9	-9	1	2	2	2	2	2	1	2	2	1	1	1	2	2	2	2	2	1	2
219	1	166	4	3538	7	47.3396694214876	1	2	-9	-9	-9	6	6	2	2	1	1	1	1	2	2	2	1	2	2	2	2	2	2	2	2	2	1	9	6	-9	-9	-9	-9	9	6	-9	-9	-9	-9	2	2	2	2	2	2	2	2	2	2	2	2	2	2	1	2	2	2	2	2	5	1	1	2	2	1	2	2	1	2	5	-9	-9	-9	3	-9	2	2	2	2	2	2	2	2	2	2	2	2	2	2	2	2	2
220	1	125	5	4504	2	189.006418319603	13.8074354940784	2	4	4	4	-9	-9	2	2	1	1	2	2	2	2	2	2	2	2	2	2	2	2	2	2	2	2	6	3	5	3	1	3	2	1	2	4	2	4	2	2	2	2	2	2	1	1	1	2	2	2	2	1	2	1	1	1	2	2	5	2	2	2	2	1	2	2	1	2	5	2	2	2	-9	-9	2	2	2	2	2	2	2	2	2	1	2	2	2	2	2	1	1
221	0	53	6	9118	8	142.882958206035	18.743882119076	-5	-5	-5	-5	-5	-5	-5	-5	-5	-5	-5	-5	-5	-5	-5	-5	-5	-5	-5	-5	-5	-5	-5	-5	-5	-5	-5	-5	-5	-5	-5	-5	-5	-5	-5	-5	-5	-5	-5	-5	-5	-5	-5	-5	-5	-5	-5	-5	-5	-5	-5	-5	-5	-5	-5	-5	-5	-5	-5	-5	-5	-5	-5	-5	-5	-5	-5	-5	-5	-5	-5	-5	-5	-5	-5	-5	-5	-5	-5	-5	-5	-5	-5	-5	-5	-5	-5	-5	-5	-5	-5
222	1	10	5	3200	7	130.498316736515	7.92738902238101	2	4	4	4	-9	-9	2	2	1	1	1	1	1	1	1	2	1	2	2	2	1	2	2	2	2	1	7	5	9	2	1	2	7	5	6	2	1	2	2	2	2	2	2	2	1	1	2	2	2	2	2	1	1	1	1	1	2	2	3	1	1	2	2	1	2	1	-9	2	5	3	3	3	-9	-9	2	2	1	2	2	2	2	2	1	1	2	2	2	1	2	1	1
223	1	205	5	6221	1	236.289824299855	34.3821127724378	2	-9	-9	-9	4	-9	2	2	2	2	2	2	1	1	2	1	1	2	2	2	2	2	2	2	1	1	7	4	9	1	1	2	3	1	4	3	1	3	2	2	2	2	2	2	2	2	2	2	2	2	2	2	1	1	1	1	2	2	1	1	1	2	2	1	2	2	1	2	5	-9	-9	-9	3	-9	2	2	2	2	2	2	2	2	2	2	2	2	2	2	2	2	1
224	1	3	2	5535	5	155.078803174863	5.54881752737777	2	6	6	6	-9	-9	2	2	1	1	2	2	2	2	2	2	2	2	2	2	2	2	2	2	2	1	-9	-9	-9	-9	-9	-9	-9	-9	-9	-9	-9	-9	2	2	2	2	2	2	2	2	2	2	2	2	2	2	1	1	2	1	2	2	5	2	2	2	2	1	2	2	1	2	5	-9	-9	-9	-9	-9	2	2	1	2	2	2	2	2	2	2	2	2	2	2	2	2	4
225	1	211	5	7389	9	228.223	1.1613	2	6	6	6	-9	-9	2	2	2	-9	2	2	-9	2	2	2	2	2	2	2	1	2	2	2	1	1	5	4	9	1	1	1	3	4	4	3	5	4	2	2	2	2	2	1	1	1	1	2	2	2	2	1	2	1	1	1	2	2	5	1	2	2	2	1	2	2	-9	2	5	3	3	3	-9	-9	-9	-9	-9	-9	-9	2	-9	-9	-9	-9	-9	-9	-9	-9	-9	-9	1
226	0	121	4	5553	5	169.643265692614	9.38315266880143	-5	-5	-5	-5	-5	-5	-5	-5	-5	-5	-5	-5	-5	-5	-5	-5	-5	-5	-5	-5	-5	-5	-5	-5	-5	-5	-5	-5	-5	-5	-5	-5	-5	-5	-5	-5	-5	-5	-5	-5	-5	-5	-5	-5	-5	-5	-5	-5	-5	-5	-5	-5	-5	-5	-5	-5	-5	-5	-5	-5	-5	-5	-5	-5	-5	-5	-5	-5	-5	-5	-5	-5	-5	-5	-5	-5	-5	-5	-5	-5	-5	-5	-5	-5	-5	-5	-5	-5	-5	-5	-5
227	1	28	6	4282	2	62.9714869394735	6.1768952445046	2	-9	-9	-9	6	6	2	2	2	2	2	2	1	2	2	2	2	2	2	2	1	2	2	2	2	1	5	4	9	1	1	1	4	3	0	-9	-9	-9	2	2	2	2	2	2	1	1	2	2	2	2	2	1	1	1	1	1	2	2	5	1	2	2	2	1	2	2	1	2	5	-9	-9	-9	4	4	2	2	2	2	2	2	2	2	2	2	2	2	2	1	2	2	2
